"Id","Kode_Provinsi","Provinsi","Kabupaten_Kota","Jenis_Rumput_Laut","Tahun","Volume_Produksi_Kg","Nilai_Produksi_Rp","Total_Luas_Lahan_m2","Kode_Luas_Tanah"
1,51,BALI,BULELENG,RUMPUT LAUT COTTONII,2019,40.0,81.0,10751000,2
2,51,BALI,KLUNGKUNG,RUMPUT LAUT COTTONII,2019,465.0,676.0,10751000,2
3,51,BALI,KLUNGKUNG,RUMPUT LAUT SPINOSUM,2019,36.0,66.0,10751000,2
4,51,BALI,KOTA DENPASAR,RUMPUT LAUT COTTONII,2019,307.0,460.0,10751000,2
5,36,BANTEN,PANDEGLANG,RUMPUT LAUT COTTONII,2019,30.0,60.0,952050000,3
6,36,BANTEN,PANDEGLANG,RUMPUT LAUT SPINOSUM,2019,52.0,156.0,952050000,3
7,36,BANTEN,SERANG,RUMPUT LAUT COTTONII,2019,11905.0,17858.0,952050000,3
8,36,BANTEN,SERANG,RUMPUT LAUT SPINOSUM,2019,10016.0,15024.0,952050000,3
9,36,BANTEN,TANGERANG,RUMPUT LAUT GRACILARIA,2019,431.0,1724.0,952050000,3
10,17,BENGKULU,KAUR,RUMPUT LAUT COTTONII,2019,60.0,1500.0,20000000,4
11,31,DKI JAKARTA,ADM KEP SERIBU,RUMPUT LAUT COTTONII,2019,253.0,2028.0,50000.0,6
12,75,GORONTALO,GORONTALO UTARA,RUMPUT LAUT COTTONII,2019,7196.0,35982.0,413500000,7
13,75,GORONTALO,GORONTALO UTARA,RUMPUT LAUT SPINOSUM,2019,2100.0,10500.0,413500000,7
14,75,GORONTALO,PAHUWATO,RUMPUT LAUT COTTONII,2019,7.0,21.0,413500000,7
15,75,GORONTALO,PAHUWATO,RUMPUT LAUT SPINOSUM,2019,25.0,75.0,413500000,7
16,33,JAWA TENGAH,BREBES,RUMPUT LAUT COTTONII,2019,10559.0,10559.0,1696000000,10
17,33,JAWA TENGAH,JEPARA,RUMPUT LAUT COTTONII,2019,6543.0,9815.0,1696000000,10
18,33,JAWA TENGAH,JEPARA,RUMPUT LAUT SPINOSUM,2019,10065.0,18118.0,1696000000,10
19,35,JAWA TIMUR,BANYUWANGI,RUMPUT LAUT COTTONII,2019,1027.0,2260.0,198467900,11
20,35,JAWA TIMUR,BANYUWANGI,RUMPUT LAUT SPINOSUM,2019,1714.0,3771.0,198467900,11
21,35,JAWA TIMUR,PACITAN,RUMPUT LAUT COTTONII,2019,1.0,5.0,198467900,11
22,35,JAWA TIMUR,PACITAN,RUMPUT LAUT SPINOSUM,2019,55.0,278.0,198467900,11
23,35,JAWA TIMUR,PAMEKASAN,RUMPUT LAUT COTTONII,2019,403.0,1413.0,198467900,11
24,35,JAWA TIMUR,PAMEKASAN,RUMPUT LAUT SPINOSUM,2019,331.0,653.0,198467900,11
25,35,JAWA TIMUR,SITUBONDO,RUMPUT LAUT COTTONII,2019,51.0,72.0,198467900,11
26,35,JAWA TIMUR,SUMENEP,RUMPUT LAUT COTTONII,2019,670453.0,3352265.0,198467900,11
27,61,KALIMANTAN BARAT,BENGKAYANG,RUMPUT LAUT SPINOSUM,2019,20.0,500.0,2000000.0,12
28,63,KALIMANTAN SELATAN,KOTABARU,RUMPUT LAUT COTTONII,2019,50.0,199.0,62599000,13
29,63,KALIMANTAN SELATAN,TANAH BUMBU,RUMPUT LAUT COTTONII,2019,25.0,47.0,62599000,13
30,64,KALIMANTAN TIMUR,KOTA BALIKPAPAN,RUMPUT LAUT COTTONII,2019,25.0,96.0,247500600,15
31,64,KALIMANTAN TIMUR,KOTA BONTANG,RUMPUT LAUT COTTONII,2019,5619.0,13969.0,247500600,15
32,64,KALIMANTAN TIMUR,KUTAI KARTANEGARA,RUMPUT LAUT COTTONII,2019,653.0,2869.0,247500600,15
33,64,KALIMANTAN TIMUR,KUTAI TIMUR,RUMPUT LAUT COTTONII,2019,102.0,683.0,247500600,15
34,64,KALIMANTAN TIMUR,PASER,RUMPUT LAUT COTTONII,2019,8.0,21.0,247500600,15
35,64,KALIMANTAN TIMUR,PENAJAM PASER UTARA,RUMPUT LAUT COTTONII,2019,33.0,49.0,247500600,15
36,65,KALIMANTAN UTARA,KOTA TARAKAN,RUMPUT LAUT COTTONII,2019,152576.0,333602.0,25152000000,16
37,65,KALIMANTAN UTARA,NUNUKAN,RUMPUT LAUT COTTONII,2019,337122.0,452339.0,25152000000,16
38,21,KEPULAUAN RIAU,KARIMUN,RUMPUT LAUT COTTONII,2019,1004.0,9540.0,186720000,18
39,21,KEPULAUAN RIAU,KARIMUN,RUMPUT LAUT SPINOSUM,2019,1208.0,9670.0,186720000,18
40,21,KEPULAUAN RIAU,KEPULAUAN ANAMBAS,RUMPUT LAUT COTTONII,2019,1.0,9.0,186720000,18
41,21,KEPULAUAN RIAU,KOTA BATAM,RUMPUT LAUT COTTONII,2019,2582.0,24531.0,186720000,18
42,21,KEPULAUAN RIAU,LINGGA,RUMPUT LAUT COTTONII,2019,1.0,9.0,186720000,18
43,21,KEPULAUAN RIAU,NATUNA,RUMPUT LAUT COTTONII,2019,13.0,164.0,186720000,18
44,18,LAMPUNG,LAMPUNG SELATAN,RUMPUT LAUT COTTONII,2019,2048.0,4096.0,267000000,19
45,18,LAMPUNG,LAMPUNG SELATAN,RUMPUT LAUT SPINOSUM,2019,2133.0,4266.0,267000000,19
46,81,MALUKU,KAB MALUKU TENGGARA BARAT,RUMPUT LAUT COTTONII,2019,78655.0,393275.0,7745500000,20
47,81,MALUKU,KEPULAUAN ARU,RUMPUT LAUT COTTONII,2019,24995.0,74987.0,7745500000,20
48,81,MALUKU,KOTA AMBON,RUMPUT LAUT COTTONII,2019,228.0,1820.0,7745500000,20
49,81,MALUKU,KOTA TUAL,RUMPUT LAUT COTTONII,2019,260350.0,611823.0,7745500000,20
50,81,MALUKU,MALUKU BARAT DAYA,RUMPUT LAUT COTTONII,2019,19427.0,23312.0,7745500000,20
51,81,MALUKU,MALUKU TENGGARA,RUMPUT LAUT COTTONII,2019,234606.0,557191.0,7745500000,20
52,81,MALUKU,SERAM BAGIAN BARAT,RUMPUT LAUT COTTONII,2019,168.0,505.0,7745500000,20
53,81,MALUKU,SERAM BAGIAN TIMUR,RUMPUT LAUT COTTONII,2019,83.0,416.0,7745500000,20
54,82,MALUKU UTARA,HALMAHERA BARAT,RUMPUT LAUT SPINOSUM,2019,102.0,617.0,426881900,16
55,82,MALUKU UTARA,HALMAHERA SELATAN,RUMPUT LAUT SPINOSUM,2019,151.0,910.0,426881900,16
56,82,MALUKU UTARA,HALMAHERA TENGAH,RUMPUT LAUT COTTONII,2019,21.0,126.0,426881900,16
57,82,MALUKU UTARA,HALMAHERA TENGAH,RUMPUT LAUT SPINOSUM,2019,30.0,185.0,426881900,16
58,82,MALUKU UTARA,HALMAHERA TIMUR,RUMPUT LAUT COTTONII,2019,619.0,2945.0,426881900,16
59,82,MALUKU UTARA,KEPULAUAN SULA,RUMPUT LAUT SARGASSUM,2019,56235.0,281548.0,426881900,16
60,82,MALUKU UTARA,KOTA TIDORE KEPULAUAN,RUMPUT LAUT COTTONII,2019,10.0,42.0,426881900,16
61,82,MALUKU UTARA,PULAU MOROTAI,RUMPUT LAUT SARGASSUM,2019,5790.0,23160.0,426881900,16
62,82,MALUKU UTARA,PULAU TALIABU,RUMPUT LAUT SARGASSUM,2019,18592.0,86370.0,426881900,16
63,52,NUSA TENGGARA BARAT,BIMA,RUMPUT LAUT COTTONII,2019,55981.0,83972.0,18563196200,22
64,52,NUSA TENGGARA BARAT,BIMA,RUMPUT LAUT SPINOSUM,2019,57020.0,85530.0,18563196200,22
65,52,NUSA TENGGARA BARAT,DOMPU,RUMPUT LAUT COTTONII,2019,1044.0,5010.0,18563196200,22
66,52,NUSA TENGGARA BARAT,DOMPU,RUMPUT LAUT GRACILARIA,2019,104.0,261.0,18563196200,22
67,52,NUSA TENGGARA BARAT,LOMBOK BARAT,RUMPUT LAUT SPINOSUM,2019,52688.0,237096.0,18563196200,22
68,52,NUSA TENGGARA BARAT,LOMBOK TENGAH,RUMPUT LAUT COTTONII,2019,27503.0,78615.0,18563196200,22
69,52,NUSA TENGGARA BARAT,LOMBOK TIMUR,RUMPUT LAUT COTTONII,2019,3863.0,11590.0,18563196200,22
70,52,NUSA TENGGARA BARAT,LOMBOK TIMUR,RUMPUT LAUT SPINOSUM,2019,120.0,241.0,18563196200,22
71,52,NUSA TENGGARA BARAT,SUMBAWA,RUMPUT LAUT COTTONII,2019,580509.0,1886805.0,18563196200,22
72,52,NUSA TENGGARA BARAT,SUMBAWA BARAT,RUMPUT LAUT COTTONII,2019,51500.0,154500.0,18563196200,22
73,52,NUSA TENGGARA BARAT,SUMBAWA BARAT,RUMPUT LAUT SPINOSUM,2019,37672.0,111316.0,18563196200,22
74,53,NUSA TENGGARA TIMUR,ALOR,RUMPUT LAUT COTTONII,2019,1902.0,4756.0,7814744800,23
75,53,NUSA TENGGARA TIMUR,FLORES TIMUR,RUMPUT LAUT COTTONII,2019,112371.0,280928.0,7814744800,23
76,53,NUSA TENGGARA TIMUR,KUPANG,RUMPUT LAUT COTTONII,2019,1277765.0,3833295.0,7814744800,23
77,53,NUSA TENGGARA TIMUR,LEMBATA,RUMPUT LAUT COTTONII,2019,337.0,843.0,7814744800,23
78,53,NUSA TENGGARA TIMUR,LEMBATA,RUMPUT LAUT SPINOSUM,2019,10.0,26.0,7814744800,23
79,53,NUSA TENGGARA TIMUR,NAGEKEO,RUMPUT LAUT COTTONII,2019,60.0,180.0,7814744800,23
80,53,NUSA TENGGARA TIMUR,NGADA,RUMPUT LAUT COTTONII,2019,299.0,1049.0,7814744800,23
81,53,NUSA TENGGARA TIMUR,ROTE NDAO,RUMPUT LAUT COTTONII,2019,101071.0,389661.0,7814744800,23
82,53,NUSA TENGGARA TIMUR,SABU RAIJUA,RUMPUT LAUT COTTONII,2019,75759.0,215914.0,7814744800,23
83,53,NUSA TENGGARA TIMUR,SUMBA BARAT DAYA,RUMPUT LAUT COTTONII,2019,3319.0,11618.0,7814744800,23
84,53,NUSA TENGGARA TIMUR,SUMBA TIMUR,RUMPUT LAUT COTTONII,2019,22843.0,57109.0,7814744800,23
85,94,PAPUA,BIAK NUMFOR,RUMPUT LAUT COTTONII,2019,110.0,165.0,25808000,24
86,94,PAPUA,BIAK NUMFOR,RUMPUT LAUT SPINOSUM,2019,272.0,272.0,25808000,24
87,94,PAPUA,KEPULAUAN YAPEN,RUMPUT LAUT COTTONII,2019,99.0,140.0,25808000,24
88,94,PAPUA,SUPIORI,RUMPUT LAUT COTTONII,2019,112.0,136.0,25808000,24
89,91,PAPUA BARAT,FAK FAK,RUMPUT LAUT COTTONII,2019,10163.0,50816.0,54037000,25
90,91,PAPUA BARAT,KAIMANA,RUMPUT LAUT COTTONII,2019,1312.0,1050.0,54037000,25
91,91,PAPUA BARAT,RAJA AMPAT,RUMPUT LAUT COTTONII,2019,19.0,7.0,54037000,25
92,91,PAPUA BARAT,SORONG,RUMPUT LAUT COTTONII,2019,120.0,540.0,54037000,25
93,91,PAPUA BARAT,SORONG,RUMPUT LAUT SPINOSUM,2019,155.0,1395.0,54037000,25
94,91,PAPUA BARAT,TELUK WONDAMA,RUMPUT LAUT COTTONII,2019,12.0,36.0,54037000,25
95,91,PAPUA BARAT,TELUK WONDAMA,RUMPUT LAUT SPINOSUM,2019,138.0,416.0,54037000,25
96,76,SULAWESI BARAT,MAMUJU,RUMPUT LAUT COTTONII,2019,56607.0,141517.0,640962500,27
97,76,SULAWESI BARAT,MAMUJU TENGAH,RUMPUT LAUT COTTONII,2019,2325.0,51157.0,640962500,27
98,76,SULAWESI BARAT,POLEWALI MANDAR,RUMPUT LAUT COTTONII,2019,11587.0,52142.0,640962500,27
99,73,SULAWESI SELATAN,BANTAENG,RUMPUT LAUT COTTONII,2019,16075.0,50188.0,64526381400,28
100,73,SULAWESI SELATAN,BANTAENG,RUMPUT LAUT SPINOSUM,2019,68730.0,65677.0,64526381400,28
101,73,SULAWESI SELATAN,BARRU,RUMPUT LAUT COTTONII,2019,1113.0,4128.0,64526381400,28
102,73,SULAWESI SELATAN,BONE,RUMPUT LAUT COTTONII,2019,180195.0,720782.0,64526381400,28
103,73,SULAWESI SELATAN,BULUKUMBA,RUMPUT LAUT COTTONII,2019,176529.0,706119.0,64526381400,28
104,73,SULAWESI SELATAN,JENEPONTO,RUMPUT LAUT COTTONII,2019,138623.0,859811.0,64526381400,28
105,73,SULAWESI SELATAN,JENEPONTO,RUMPUT LAUT SPINOSUM,2019,26413.0,110732.0,64526381400,28
106,73,SULAWESI SELATAN,KEPULAUAN SELAYAR,RUMPUT LAUT COTTONII,2019,313.0,861.0,64526381400,28
107,73,SULAWESI SELATAN,KEPULAUAN SELAYAR,RUMPUT LAUT SPINOSUM,2019,82.0,412.0,64526381400,28
108,73,SULAWESI SELATAN,KOTA PALOPO,RUMPUT LAUT COTTONII,2019,26684.0,83999.0,64526381400,28
109,73,SULAWESI SELATAN,LUWU,RUMPUT LAUT COTTONII,2019,286139.0,672708.0,64526381400,28
110,73,SULAWESI SELATAN,LUWU TIMUR,RUMPUT LAUT COTTONII,2019,148690.0,520416.0,64526381400,28
111,73,SULAWESI SELATAN,LUWU UTARA,RUMPUT LAUT COTTONII,2019,37299.0,102089.0,64526381400,28
112,73,SULAWESI SELATAN,PANGKAJENE KEPULAUAN,RUMPUT LAUT COTTONII,2019,317676.0,1195622.0,64526381400,28
113,73,SULAWESI SELATAN,PANGKAJENE KEPULAUAN,RUMPUT LAUT SPINOSUM,2019,117829.0,201119.0,64526381400,28
114,73,SULAWESI SELATAN,PINRANG,RUMPUT LAUT COTTONII,2019,18459.0,66452.0,64526381400,28
115,73,SULAWESI SELATAN,PINRANG,RUMPUT LAUT GRACILARIA,2019,207.0,77.0,64526381400,28
116,73,SULAWESI SELATAN,SINJAI,RUMPUT LAUT SPINOSUM,2019,18165.0,15043.0,64526381400,28
117,73,SULAWESI SELATAN,TAKALAR,RUMPUT LAUT COTTONII,2019,332781.0,1226287.0,64526381400,28
118,73,SULAWESI SELATAN,TAKALAR,RUMPUT LAUT SPINOSUM,2019,91393.0,109671.0,64526381400,28
119,73,SULAWESI SELATAN,WAJO,RUMPUT LAUT COTTONII,2019,433300.0,1676753.0,64526381400,28
120,72,SULAWESI TENGAH,BANGGAI,RUMPUT LAUT COTTONII,2019,1352.0,4056.0,25897000000,29
121,72,SULAWESI TENGAH,BANGGAI,RUMPUT LAUT SPINOSUM,2019,0.0,1.0,25897000000,29
122,72,SULAWESI TENGAH,BANGGAI KEPULAUAN,RUMPUT LAUT COTTONII,2019,678219.0,2034657.0,25897000000,29
123,72,SULAWESI TENGAH,BANGGAI LAUT,RUMPUT LAUT COTTONII,2019,20845.0,62535.0,25897000000,29
124,72,SULAWESI TENGAH,DONGGALA,RUMPUT LAUT COTTONII,2019,3006.0,15030.0,25897000000,29
125,72,SULAWESI TENGAH,MOROWALI,RUMPUT LAUT COTTONII,2019,86300.0,428005.0,25897000000,29
126,72,SULAWESI TENGAH,MOROWALI,RUMPUT LAUT SPINOSUM,2019,114940.0,229880.0,25897000000,29
127,72,SULAWESI TENGAH,MOROWALI UTARA,RUMPUT LAUT COTTONII,2019,26.0,80.0,25897000000,29
128,72,SULAWESI TENGAH,PARIGI MOUTONG,RUMPUT LAUT COTTONII,2019,11766.0,50274.0,25897000000,29
129,72,SULAWESI TENGAH,PARIGI MOUTONG,RUMPUT LAUT SPINOSUM,2019,722.0,1613.0,25897000000,29
130,72,SULAWESI TENGAH,POSO,RUMPUT LAUT COTTONII,2019,1019.0,2314.0,25897000000,29
131,72,SULAWESI TENGAH,TOJO UNA UNA,RUMPUT LAUT COTTONII,2019,6436.0,12872.0,25897000000,29
132,72,SULAWESI TENGAH,TOLI TOLI,RUMPUT LAUT COTTONII,2019,625.0,4114.0,25897000000,29
133,72,SULAWESI TENGAH,TOLI TOLI,RUMPUT LAUT SPINOSUM,2019,79.0,159.0,25897000000,29
134,74,SULAWESI TENGGARA,BOMBANA,RUMPUT LAUT COTTONII,2019,4980.0,22581.0,28716814700,30
135,74,SULAWESI TENGGARA,BOMBANA,RUMPUT LAUT SPINOSUM,2019,18595.0,24032.0,28716814700,30
136,74,SULAWESI TENGGARA,BUTON,RUMPUT LAUT COTTONII,2019,5136.0,22963.0,28716814700,30
137,74,SULAWESI TENGGARA,BUTON,RUMPUT LAUT SPINOSUM,2019,1326.0,3488.0,28716814700,30
138,74,SULAWESI TENGGARA,BUTON SELATAN,RUMPUT LAUT COTTONII,2019,3754.0,10749.0,28716814700,30
139,74,SULAWESI TENGGARA,BUTON TENGAH,RUMPUT LAUT COTTONII,2019,11752.0,49780.0,28716814700,30
140,74,SULAWESI TENGGARA,BUTON TENGAH,RUMPUT LAUT SPINOSUM,2019,16438.0,60318.0,28716814700,30
141,74,SULAWESI TENGGARA,BUTON UTARA,RUMPUT LAUT COTTONII,2019,28204.0,76404.0,28716814700,30
142,74,SULAWESI TENGGARA,KOLAKA,RUMPUT LAUT COTTONII,2019,25644.0,97895.0,28716814700,30
143,74,SULAWESI TENGGARA,KOLAKA UTARA,RUMPUT LAUT COTTONII,2019,8554.0,25662.0,28716814700,30
144,74,SULAWESI TENGGARA,KONAWE KEPULAUAN,RUMPUT LAUT COTTONII,2019,40.0,115.0,28716814700,30
145,74,SULAWESI TENGGARA,KONAWE KEPULAUAN,RUMPUT LAUT SPINOSUM,2019,82.0,412.0,28716814700,30
146,74,SULAWESI TENGGARA,KONAWE SELATAN,RUMPUT LAUT COTTONII,2019,42869.0,214347.0,28716814700,30
147,74,SULAWESI TENGGARA,KOTA BAU BAU,RUMPUT LAUT COTTONII,2019,17965.0,53897.0,28716814700,30
148,74,SULAWESI TENGGARA,MUNA,RUMPUT LAUT COTTONII,2019,136438.0,779448.0,28716814700,30
149,74,SULAWESI TENGGARA,MUNA BARAT,RUMPUT LAUT COTTONII,2019,1325.0,3975.0,28716814700,30
150,74,SULAWESI TENGGARA,MUNA BARAT,RUMPUT LAUT SPINOSUM,2019,1326.0,6630.0,28716814700,30
151,74,SULAWESI TENGGARA,WAKATOBI,RUMPUT LAUT COTTONII,2019,4672.0,11681.0,28716814700,30
152,74,SULAWESI TENGGARA,WAKATOBI,RUMPUT LAUT SPINOSUM,2019,17780.0,17780.0,28716814700,30
153,71,SULAWESI UTARA,MINAHASA,RUMPUT LAUT SPINOSUM,2019,6471.0,25885.0,3188138500,31
154,71,SULAWESI UTARA,MINAHASA SELATAN,RUMPUT LAUT COTTONII,2019,22.0,88.0,3188138500,31
155,71,SULAWESI UTARA,MINAHASA SELATAN,RUMPUT LAUT SPINOSUM,2019,95.0,381.0,3188138500,31
156,71,SULAWESI UTARA,MINAHASA TENGGARA,RUMPUT LAUT SPINOSUM,2019,15.0,60.0,3188138500,31
157,71,SULAWESI UTARA,MINAHASA UTARA,RUMPUT LAUT COTTONII,2019,28444.0,98898.0,3188138500,31
158,71,SULAWESI UTARA,MINAHASA UTARA,RUMPUT LAUT SPINOSUM,2019,322548.0,787204.0,3188138500,31
159,71,SUMATERA UTARA,NIAS UTARA,RUMPUT LAUT SPINOSUM,2019,180.0,2700.0,3188138500,34
160,51,BALI,KLUNGKUNG,RUMPUT LAUT COTTONII,2020,16399.0,31158.0,37290000,36
161,51,BALI,KLUNGKUNG,RUMPUT LAUT SPINOSUM,2020,441.0,573.0,37290000,36
162,51,BALI,KOTA DENPASAR,RUMPUT LAUT COTTONII,2020,305.0,427.0,37290000,36
163,36,BANTEN,PANDEGLANG,RUMPUT LAUT SPINOSUM,2020,31.0,126.0,952050000,37
164,36,BANTEN,SERANG,RUMPUT LAUT COTTONII,2020,11905.0,17858.0,952050000,37
165,36,BANTEN,SERANG,RUMPUT LAUT SPINOSUM,2020,10016.0,15024.0,952050000,37
166,31,DKI JAKARTA,ADM KEP SERIBU,RUMPUT LAUT COTTONII,2020,104.0,836.0,50000.0,40
167,31,DKI JAKARTA,ADM KEP SERIBU,RUMPUT LAUT SPINOSUM,2020,12.0,90.0,50000.0,40
168,75,GORONTALO,GORONTALO UTARA,RUMPUT LAUT GRACILARIA,2020,8667.0,43335.0,413500000,41
169,75,GORONTALO,PAHUWATO,RUMPUT LAUT SPINOSUM,2020,4.0,12.0,413500000,41
170,32,JAWA BARAT,INDRAMAYU,RUMPUT LAUT GRACILARIA,2020,42391.0,104416.0,280000000,43
171,32,JAWA BARAT,KARAWANG,RUMPUT LAUT GRACILARIA,2020,750.0,5625.0,280000000,43
172,33,JAWA TENGAH,BREBES,RUMPUT LAUT GRACILARIA,2020,55428.0,55428.0,1909826700,44
173,33,JAWA TENGAH,JEPARA,RUMPUT LAUT SPINOSUM,2020,23663.0,42594.0,1909826700,44
174,33,JAWA TENGAH,KOTA TEGAL,RUMPUT LAUT GRACILARIA,2020,160.0,723.0,1909826700,44
175,35,JAWA TIMUR,BANYUWANGI,RUMPUT LAUT COTTONII,2020,3903.0,8586.0,193181400,45
176,35,JAWA TIMUR,PACITAN,RUMPUT LAUT SPINOSUM,2020,155.0,776.0,193181400,45
177,35,JAWA TIMUR,PAMEKASAN,RUMPUT LAUT COTTONII,2020,9.0,28.0,193181400,45
178,35,JAWA TIMUR,SITUBONDO,RUMPUT LAUT COTTONII,2020,198.0,422.0,193181400,45
179,35,JAWA TIMUR,SUMENEP,RUMPUT LAUT COTTONII,2020,683425.0,2575607.0,193181400,45
180,61,KALIMANTAN BARAT,BENGKAYANG,RUMPUT LAUT SARGASSUM,2020,44.0,528.0,1500000.0,46
181,61,KALIMANTAN BARAT,BENGKAYANG,RUMPUT LAUT SPINOSUM,2020,49.0,245.0,1500000.0,46
182,64,KALIMANTAN TIMUR,KOTA BALIKPAPAN,RUMPUT LAUT COTTONII,2020,77.0,311.0,272000000,49
183,64,KALIMANTAN TIMUR,KOTA BONTANG,RUMPUT LAUT GRACILARIA,2020,2143.0,4286.0,272000000,49
184,64,KALIMANTAN TIMUR,KOTA BONTANG,RUMPUT LAUT SPINOSUM,2020,1940.0,3880.0,272000000,49
185,64,KALIMANTAN TIMUR,KUTAI KARTANEGARA,RUMPUT LAUT SPINOSUM,2020,823.0,3883.0,272000000,49
186,64,KALIMANTAN TIMUR,KUTAI TIMUR,RUMPUT LAUT SPINOSUM,2020,37.0,173.0,272000000,49
187,64,KALIMANTAN TIMUR,PASER,RUMPUT LAUT SPINOSUM,2020,36.0,109.0,272000000,49
188,65,KALIMANTAN UTARA,KOTA TARAKAN,RUMPUT LAUT COTTONII,2020,185491.0,501169.0,7428000000,50
189,65,KALIMANTAN UTARA,NUNUKAN,RUMPUT LAUT COTTONII,2020,337765.0,422207.0,7428000000,50
190,19,KEPULAUAN BANGKA BELITUNG,BELITUNG,RUMPUT LAUT SPINOSUM,2020,21.0,30.0,1000000.0,51
191,21,KEPULAUAN RIAU,KARIMUN,RUMPUT LAUT COTTONII,2020,1650.0,16509.0,149523200,52
192,21,KEPULAUAN RIAU,KEPULAUAN ANAMBAS,RUMPUT LAUT COTTONII,2020,11.0,118.0,149523200,52
193,21,KEPULAUAN RIAU,KOTA BATAM,RUMPUT LAUT COTTONII,2020,2406.0,24069.0,149523200,52
194,21,KEPULAUAN RIAU,LINGGA,RUMPUT LAUT COTTONII,2020,5.0,58.0,149523200,52
195,21,KEPULAUAN RIAU,NATUNA,RUMPUT LAUT COTTONII,2020,19.0,168.0,149523200,52
196,18,LAMPUNG,LAMPUNG SELATAN,RUMPUT LAUT COTTONII,2020,5334.0,10668.0,267000000,53
197,18,LAMPUNG,LAMPUNG SELATAN,RUMPUT LAUT SPINOSUM,2020,5.0,11.0,267000000,53
198,81,MALUKU,KAB MALUKU TENGGARA BARAT,RUMPUT LAUT COTTONII,2020,52376.0,261880.0,4129950000,54
199,81,MALUKU,KEPULAUAN ARU,RUMPUT LAUT COTTONII,2020,10818.0,23761.0,4129950000,54
200,81,MALUKU,KOTA AMBON,RUMPUT LAUT COTTONII,2020,5.0,25.0,4129950000,54
201,81,MALUKU,KOTA TUAL,RUMPUT LAUT COTTONII,2020,72839.0,364195.0,4129950000,54
202,81,MALUKU,MALUKU BARAT DAYA,RUMPUT LAUT COTTONII,2020,31162.0,34599.0,4129950000,54
203,81,MALUKU,MALUKU TENGGARA,RUMPUT LAUT COTTONII,2020,24156.0,34121.0,4129950000,54
204,81,MALUKU,SERAM BAGIAN BARAT,RUMPUT LAUT COTTONII,2020,47.0,142.0,4129950000,54
205,81,MALUKU,SERAM BAGIAN TIMUR,RUMPUT LAUT COTTONII,2020,34.0,173.0,4129950000,54
206,81,MALUKU,SERAM BAGIAN TIMUR,RUMPUT LAUT SPINOSUM,2020,49.0,248.0,4129950000,54
207,82,MALUKU UTARA,HALMAHERA BARAT,RUMPUT LAUT SPINOSUM,2020,102.0,617.0,372844000,55
208,82,MALUKU UTARA,HALMAHERA SELATAN,RUMPUT LAUT SPINOSUM,2020,151.0,910.0,372844000,55
209,82,MALUKU UTARA,HALMAHERA TENGAH,RUMPUT LAUT COTTONII,2020,21.0,126.0,372844000,55
210,82,MALUKU UTARA,HALMAHERA TENGAH,RUMPUT LAUT SPINOSUM,2020,31.0,186.0,372844000,55
211,82,MALUKU UTARA,HALMAHERA TIMUR,RUMPUT LAUT COTTONII,2020,619.0,2945.0,372844000,55
212,82,MALUKU UTARA,KEPULAUAN SULA,RUMPUT LAUT SARGASSUM,2020,56235.0,281548.0,372844000,55
213,82,MALUKU UTARA,KOTA TIDORE KEPULAUAN,RUMPUT LAUT COTTONII,2020,10.0,42.0,372844000,55
214,82,MALUKU UTARA,PULAU MOROTAI,RUMPUT LAUT SARGASSUM,2020,5790.0,23160.0,372844000,55
215,82,MALUKU UTARA,PULAU TALIABU,RUMPUT LAUT SARGASSUM,2020,18592.0,86370.0,372844000,55
216,52,NUSA TENGGARA BARAT,BIMA,RUMPUT LAUT GRACILARIA,2020,83575.0,125363.0,12429676100,56
217,52,NUSA TENGGARA BARAT,DOMPU,RUMPUT LAUT COTTONII,2020,1824.0,9121.0,12429676100,56
218,52,NUSA TENGGARA BARAT,DOMPU,RUMPUT LAUT GRACILARIA,2020,12.0,30.0,12429676100,56
219,52,NUSA TENGGARA BARAT,LOMBOK BARAT,RUMPUT LAUT GRACILARIA,2020,55483.0,110967.0,12429676100,56
220,52,NUSA TENGGARA BARAT,LOMBOK TENGAH,RUMPUT LAUT COTTONII,2020,30208.0,80407.0,12429676100,56
221,52,NUSA TENGGARA BARAT,LOMBOK TIMUR,RUMPUT LAUT COTTONII,2020,4324.0,15136.0,12429676100,56
222,52,NUSA TENGGARA BARAT,SUMBAWA,RUMPUT LAUT SPINOSUM,2020,465049.0,1627671.0,12429676100,56
223,52,NUSA TENGGARA BARAT,SUMBAWA BARAT,RUMPUT LAUT SPINOSUM,2020,8411.0,25234.0,12429676100,56
224,53,NUSA TENGGARA TIMUR,ALOR,RUMPUT LAUT SPINOSUM,2020,1989.0,4973.0,7907309600,57
225,53,NUSA TENGGARA TIMUR,FLORES TIMUR,RUMPUT LAUT SPINOSUM,2020,113274.0,283186.0,7907309600,57
226,53,NUSA TENGGARA TIMUR,KUPANG,RUMPUT LAUT COTTONII,2020,1879265.0,4954188.0,7907309600,57
227,53,NUSA TENGGARA TIMUR,LEMBATA,RUMPUT LAUT SPINOSUM,2020,381.0,952.0,7907309600,57
228,53,NUSA TENGGARA TIMUR,NAGEKEO,RUMPUT LAUT SPINOSUM,2020,61.0,185.0,7907309600,57
229,53,NUSA TENGGARA TIMUR,NGADA,RUMPUT LAUT SPINOSUM,2020,392.0,1374.0,7907309600,57
230,53,NUSA TENGGARA TIMUR,ROTE NDAO,RUMPUT LAUT SPINOSUM,2020,49542.0,247712.0,7907309600,57
231,53,NUSA TENGGARA TIMUR,SABU RAIJUA,RUMPUT LAUT SPINOSUM,2020,80702.0,230002.0,7907309600,57
232,53,NUSA TENGGARA TIMUR,SUMBA BARAT DAYA,RUMPUT LAUT SPINOSUM,2020,3554.0,12439.0,7907309600,57
233,53,NUSA TENGGARA TIMUR,SUMBA TIMUR,RUMPUT LAUT COTTONII,2020,29737.0,89213.0,7907309600,57
234,94,PAPUA,BIAK NUMFOR,RUMPUT LAUT COTTONII,2020,160.0,241.0,7424800.0,58
235,94,PAPUA,BIAK NUMFOR,RUMPUT LAUT SPINOSUM,2020,268.0,268.0,7424800.0,58
236,94,PAPUA,KEPULAUAN YAPEN,RUMPUT LAUT COTTONII,2020,103.0,146.0,7424800.0,58
237,94,PAPUA,SUPIORI,RUMPUT LAUT COTTONII,2020,132.0,164.0,7424800.0,58
238,91,PAPUA BARAT,FAK FAK,RUMPUT LAUT COTTONII,2020,3.0,15.0,9150000.0,59
239,91,PAPUA BARAT,KAIMANA,RUMPUT LAUT COTTONII,2020,7.0,39.0,9150000.0,59
240,91,PAPUA BARAT,KAIMANA,RUMPUT LAUT SPINOSUM,2020,7.0,76.0,9150000.0,59
241,91,PAPUA BARAT,RAJA AMPAT,RUMPUT LAUT COTTONII,2020,1.0,7.0,9150000.0,59
242,91,PAPUA BARAT,SORONG,RUMPUT LAUT SPINOSUM,2020,214.0,1934.0,9150000.0,59
243,91,PAPUA BARAT,TELUK WONDAMA,RUMPUT LAUT COTTONII,2020,318.0,1114.0,9150000.0,59
244,91,PAPUA BARAT,TELUK WONDAMA,RUMPUT LAUT SPINOSUM,2020,54.0,189.0,9150000.0,59
245,76,SULAWESI BARAT,MAMUJU,RUMPUT LAUT SPINOSUM,2020,56104.0,140261.0,788688200,61
246,76,SULAWESI BARAT,MAMUJU TENGAH,RUMPUT LAUT COTTONII,2020,11213.0,28034.0,788688200,61
247,76,SULAWESI BARAT,MAMUJU TENGAH,RUMPUT LAUT SPINOSUM,2020,12155.0,36465.0,788688200,61
248,76,SULAWESI BARAT,POLEWALI MANDAR,RUMPUT LAUT SPINOSUM,2020,14713.0,66210.0,788688200,61
249,73,SULAWESI SELATAN,BANTAENG,RUMPUT LAUT COTTONII,2020,38046.0,180303.0,40317839200,62
250,73,SULAWESI SELATAN,BANTAENG,RUMPUT LAUT SPINOSUM,2020,48679.0,54639.0,40317839200,62
251,73,SULAWESI SELATAN,BARRU,RUMPUT LAUT COTTONII,2020,1179.0,5750.0,40317839200,62
252,73,SULAWESI SELATAN,BONE,RUMPUT LAUT COTTONII,2020,80218.0,200546.0,40317839200,62
253,73,SULAWESI SELATAN,BONE,RUMPUT LAUT SPINOSUM,2020,104691.0,261729.0,40317839200,62
254,73,SULAWESI SELATAN,BULUKUMBA,RUMPUT LAUT COTTONII,2020,94188.0,188376.0,40317839200,62
255,73,SULAWESI SELATAN,BULUKUMBA,RUMPUT LAUT SPINOSUM,2020,97200.0,194401.0,40317839200,62
256,73,SULAWESI SELATAN,JENEPONTO,RUMPUT LAUT COTTONII,2020,217894.0,821741.0,40317839200,62
257,73,SULAWESI SELATAN,JENEPONTO,RUMPUT LAUT SPINOSUM,2020,13859.0,8826.0,40317839200,62
258,73,SULAWESI SELATAN,KEPULAUAN SELAYAR,RUMPUT LAUT COTTONII,2020,511.0,2044.0,40317839200,62
259,73,SULAWESI SELATAN,KEPULAUAN SELAYAR,RUMPUT LAUT SPINOSUM,2020,130.0,130.0,40317839200,62
260,73,SULAWESI SELATAN,KOTA PALOPO,RUMPUT LAUT COTTONII,2020,13838.0,48434.0,40317839200,62
261,73,SULAWESI SELATAN,KOTA PALOPO,RUMPUT LAUT GRACILARIA,2020,17021.0,76595.0,40317839200,62
262,73,SULAWESI SELATAN,LUWU,RUMPUT LAUT SPINOSUM,2020,290431.0,872078.0,40317839200,62
263,73,SULAWESI SELATAN,LUWU TIMUR,RUMPUT LAUT COTTONII,2020,147820.0,235993.0,40317839200,62
264,73,SULAWESI SELATAN,LUWU UTARA,RUMPUT LAUT COTTONII,2020,38418.0,93343.0,40317839200,62
265,73,SULAWESI SELATAN,MAROS,RUMPUT LAUT COTTONII,2020,39.0,119.0,40317839200,62
266,73,SULAWESI SELATAN,MAROS,RUMPUT LAUT SPINOSUM,2020,15.0,35.0,40317839200,62
267,73,SULAWESI SELATAN,PANGKAJENE KEPULAUAN,RUMPUT LAUT COTTONII,2020,310948.0,932846.0,40317839200,62
268,73,SULAWESI SELATAN,PANGKAJENE KEPULAUAN,RUMPUT LAUT SPINOSUM,2020,99350.0,447076.0,40317839200,62
269,73,SULAWESI SELATAN,PINRANG,RUMPUT LAUT SPINOSUM,2020,13211.0,39634.0,40317839200,62
270,73,SULAWESI SELATAN,SINJAI,RUMPUT LAUT SPINOSUM,2020,12925.0,11436.0,40317839200,62
271,73,SULAWESI SELATAN,TAKALAR,RUMPUT LAUT COTTONII,2020,222052.0,977901.0,40317839200,62
272,73,SULAWESI SELATAN,TAKALAR,RUMPUT LAUT GRACILARIA,2020,15317.0,65300.0,40317839200,62
273,73,SULAWESI SELATAN,TAKALAR,RUMPUT LAUT SPINOSUM,2020,120989.0,636323.0,40317839200,62
274,73,SULAWESI SELATAN,WAJO,RUMPUT LAUT COTTONII,2020,433317.0,1567753.0,40317839200,62
275,72,SULAWESI TENGAH,BANGGAI,RUMPUT LAUT COTTONII,2020,2750.0,10671.0,15921320000,63
276,72,SULAWESI TENGAH,BANGGAI KEPULAUAN,RUMPUT LAUT COTTONII,2020,691884.0,1796594.0,15921320000,63
277,72,SULAWESI TENGAH,BANGGAI LAUT,RUMPUT LAUT COTTONII,2020,22163.0,61714.0,15921320000,63
278,72,SULAWESI TENGAH,DONGGALA,RUMPUT LAUT COTTONII,2020,3199.0,15995.0,15921320000,63
279,72,SULAWESI TENGAH,MOROWALI,RUMPUT LAUT COTTONII,2020,83788.0,167576.0,15921320000,63
280,72,SULAWESI TENGAH,MOROWALI,RUMPUT LAUT SPINOSUM,2020,98260.0,171955.0,15921320000,63
281,72,SULAWESI TENGAH,MOROWALI UTARA,RUMPUT LAUT COTTONII,2020,178.0,536.0,15921320000,63
282,72,SULAWESI TENGAH,PARIGI MOUTONG,RUMPUT LAUT COTTONII,2020,9771.0,43972.0,15921320000,63
283,72,SULAWESI TENGAH,PARIGI MOUTONG,RUMPUT LAUT SPINOSUM,2020,1183.0,2366.0,15921320000,63
284,72,SULAWESI TENGAH,POSO,RUMPUT LAUT COTTONII,2020,1013.0,1013.0,15921320000,63
285,72,SULAWESI TENGAH,TOJO UNA UNA,RUMPUT LAUT COTTONII,2020,2028.0,6086.0,15921320000,63
286,72,SULAWESI TENGAH,TOJO UNA UNA,RUMPUT LAUT SPINOSUM,2020,5081.0,8441.0,15921320000,63
287,72,SULAWESI TENGAH,TOLI TOLI,RUMPUT LAUT COTTONII,2020,84.0,84.0,15921320000,63
288,72,SULAWESI TENGAH,TOLI TOLI,RUMPUT LAUT SPINOSUM,2020,92.0,92.0,15921320000,63
289,74,SULAWESI TENGGARA,BOMBANA,RUMPUT LAUT COTTONII,2020,5274.0,31620.0,4354142100,64
290,74,SULAWESI TENGGARA,BOMBANA,RUMPUT LAUT SPINOSUM,2020,8549.0,18839.0,4354142100,64
291,74,SULAWESI TENGGARA,BUTON,RUMPUT LAUT GRACILARIA,2020,3097.0,8077.0,4354142100,64
292,74,SULAWESI TENGGARA,BUTON,RUMPUT LAUT SPINOSUM,2020,14.0,14.0,4354142100,64
293,74,SULAWESI TENGGARA,BUTON SELATAN,RUMPUT LAUT COTTONII,2020,1918.0,5754.0,4354142100,64
294,74,SULAWESI TENGGARA,BUTON TENGAH,RUMPUT LAUT COTTONII,2020,10676.0,32030.0,4354142100,64
295,74,SULAWESI TENGGARA,BUTON TENGAH,RUMPUT LAUT SPINOSUM,2020,9476.0,11372.0,4354142100,64
296,74,SULAWESI TENGGARA,BUTON UTARA,RUMPUT LAUT COTTONII,2020,27181.0,67954.0,4354142100,64
297,74,SULAWESI TENGGARA,KOLAKA,RUMPUT LAUT COTTONII,2020,27302.0,88117.0,4354142100,64
298,74,SULAWESI TENGGARA,KOLAKA UTARA,RUMPUT LAUT COTTONII,2020,11543.0,42075.0,4354142100,64
299,74,SULAWESI TENGGARA,KONAWE KEPULAUAN,RUMPUT LAUT SPINOSUM,2020,78.0,391.0,4354142100,64
300,74,SULAWESI TENGGARA,KONAWE SELATAN,RUMPUT LAUT COTTONII,2020,33550.0,145652.0,4354142100,64
301,74,SULAWESI TENGGARA,KOTA BAU BAU,RUMPUT LAUT SPINOSUM,2020,18089.0,54269.0,4354142100,64
302,74,SULAWESI TENGGARA,MUNA,RUMPUT LAUT COTTONII,2020,89331.0,484958.0,4354142100,64
303,74,SULAWESI TENGGARA,MUNA,RUMPUT LAUT SPINOSUM,2020,256.0,615.0,4354142100,64
304,74,SULAWESI TENGGARA,MUNA BARAT,RUMPUT LAUT SPINOSUM,2020,1379.0,6554.0,4354142100,64
305,74,SULAWESI TENGGARA,WAKATOBI,RUMPUT LAUT COTTONII,2020,6150.0,11993.0,4354142100,64
306,74,SULAWESI TENGGARA,WAKATOBI,RUMPUT LAUT SPINOSUM,2020,18452.0,14392.0,4354142100,64
307,71,SULAWESI UTARA,KEPULAUAN SANGIHE,RUMPUT LAUT GRACILARIA,2020,3.0,23.0,1754565300,65
308,71,SULAWESI UTARA,MINAHASA,RUMPUT LAUT SPINOSUM,2020,1534.0,6136.0,1754565300,65
309,71,SULAWESI UTARA,MINAHASA SELATAN,RUMPUT LAUT SPINOSUM,2020,21.0,109.0,1754565300,65
310,71,SULAWESI UTARA,MINAHASA TENGGARA,RUMPUT LAUT SPINOSUM,2020,48.0,192.0,1754565300,65
311,71,SULAWESI UTARA,MINAHASA UTARA,RUMPUT LAUT COTTONII,2020,23704.0,79484.0,1754565300,65
312,71,SULAWESI UTARA,MINAHASA UTARA,RUMPUT LAUT SPINOSUM,2020,221711.0,499982.0,1754565300,65
313,51,BALI,KLUNGKUNG,RUMPUT LAUT COTTONII,2021,11367.0,22735.0,36510000,70
314,51,BALI,KOTA DENPASAR,RUMPUT LAUT COTTONII,2021,289.0,404.0,36510000,70
315,36,BANTEN,SERANG,RUMPUT LAUT COTTONII,2021,13799.0,68999.0,50000000,71
316,31,DKI JAKARTA,ADM KEP SERIBU,RUMPUT LAUT SPINOSUM,2021,126.0,821.0,2260000.0,74
317,75,GORONTALO,GORONTALO UTARA,RUMPUT LAUT COTTONII,2021,3240.0,16200.0,413000000,75
318,75,GORONTALO,GORONTALO UTARA,RUMPUT LAUT GRACILARIA,2021,6017.0,42122.0,413000000,75
319,75,GORONTALO,PAHUWATO,RUMPUT LAUT SPINOSUM,2021,7.0,38.0,413000000,75
320,32,JAWA BARAT,INDRAMAYU,RUMPUT LAUT GRACILARIA,2021,39921.0,99905.0,280000000,77
321,32,JAWA BARAT,KARAWANG,RUMPUT LAUT GRACILARIA,2021,757.0,5681.0,280000000,77
322,33,JAWA TENGAH,JEPARA,RUMPUT LAUT SPINOSUM,2021,32733.0,39280.0,2300927700,78
323,33,JAWA TENGAH,KOTA TEGAL,RUMPUT LAUT GRACILARIA,2021,160.0,724.0,2300927700,78
324,35,JAWA TIMUR,BANYUWANGI,RUMPUT LAUT COTTONII,2021,4190.0,9218.0,186973200,79
325,35,JAWA TIMUR,SITUBONDO,RUMPUT LAUT COTTONII,2021,1597.0,3194.0,186973200,79
326,35,JAWA TIMUR,SUMENEP,RUMPUT LAUT COTTONII,2021,663470.0,3317353.0,186973200,79
327,61,KALIMANTAN BARAT,BENGKAYANG,RUMPUT LAUT SPINOSUM,2021,10.0,40.0,1620000.0,80
328,61,KALIMANTAN BARAT,KAYONG UTARA,RUMPUT LAUT COTTONII,2021,10.0,43.0,1620000.0,80
329,64,KALIMANTAN TIMUR,KOTA BALIKPAPAN,RUMPUT LAUT COTTONII,2021,159.0,797.0,133398700,83
330,64,KALIMANTAN TIMUR,KOTA BONTANG,RUMPUT LAUT SPINOSUM,2021,4302.0,13985.0,133398700,83
331,64,KALIMANTAN TIMUR,KUTAI KARTANEGARA,RUMPUT LAUT COTTONII,2021,780.0,4673.0,133398700,83
332,64,KALIMANTAN TIMUR,KUTAI TIMUR,RUMPUT LAUT SPINOSUM,2021,110.0,332.0,133398700,83
333,65,KALIMANTAN UTARA,KOTA TARAKAN,RUMPUT LAUT COTTONII,2021,109888.0,197799.0,9662224000,84
334,65,KALIMANTAN UTARA,KOTA TARAKAN,RUMPUT LAUT SPINOSUM,2021,101757.0,305271.0,9662224000,84
335,65,KALIMANTAN UTARA,NUNUKAN,RUMPUT LAUT COTTONII,2021,416229.0,531607.0,9662224000,84
336,21,KEPULAUAN RIAU,KARIMUN,RUMPUT LAUT COTTONII,2021,502.0,602.0,106250000,86
337,21,KEPULAUAN RIAU,KARIMUN,RUMPUT LAUT SPINOSUM,2021,502.0,2510.0,106250000,86
338,21,KEPULAUAN RIAU,KOTA BATAM,RUMPUT LAUT SPINOSUM,2021,717.0,860.0,106250000,86
339,21,KEPULAUAN RIAU,NATUNA,RUMPUT LAUT COTTONII,2021,33.0,39.0,106250000,86
340,18,LAMPUNG,LAMPUNG SELATAN,RUMPUT LAUT SPINOSUM,2021,4999.0,9999.0,267000000,87
341,81,MALUKU,KAB MALUKU TENGGARA BARAT,RUMPUT LAUT COTTONII,2021,28875.0,144375.0,8935620000,88
342,81,MALUKU,KEPULAUAN ARU,RUMPUT LAUT COTTONII,2021,7833.0,23501.0,8935620000,88
343,81,MALUKU,KOTA AMBON,RUMPUT LAUT COTTONII,2021,4.0,23.0,8935620000,88
344,81,MALUKU,KOTA AMBON,RUMPUT LAUT LAINNYA,2021,20.0,104.0,8935620000,88
345,81,MALUKU,KOTA TUAL,RUMPUT LAUT COTTONII,2021,190888.0,358995.0,8935620000,88
346,81,MALUKU,MALUKU BARAT DAYA,RUMPUT LAUT COTTONII,2021,34155.0,43530.0,8935620000,88
347,81,MALUKU,MALUKU TENGGARA,RUMPUT LAUT COTTONII,2021,31442.0,55024.0,8935620000,88
348,81,MALUKU,SERAM BAGIAN BARAT,RUMPUT LAUT COTTONII,2021,7.0,21.0,8935620000,88
349,81,MALUKU,SERAM BAGIAN TIMUR,RUMPUT LAUT COTTONII,2021,35.0,177.0,8935620000,88
350,81,MALUKU,SERAM BAGIAN TIMUR,RUMPUT LAUT SPINOSUM,2021,51.0,256.0,8935620000,88
351,82,MALUKU UTARA,HALMAHERA BARAT,RUMPUT LAUT SPINOSUM,2021,105.0,635.0,368680400,89
352,82,MALUKU UTARA,HALMAHERA SELATAN,RUMPUT LAUT SPINOSUM,2021,156.0,938.0,368680400,89
353,82,MALUKU UTARA,HALMAHERA TENGAH,RUMPUT LAUT COTTONII,2021,21.0,130.0,368680400,89
354,82,MALUKU UTARA,HALMAHERA TENGAH,RUMPUT LAUT SPINOSUM,2021,31.0,191.0,368680400,89
355,82,MALUKU UTARA,HALMAHERA TIMUR,RUMPUT LAUT COTTONII,2021,637.0,3031.0,368680400,89
356,82,MALUKU UTARA,KEPULAUAN SULA,RUMPUT LAUT SARGASSUM,2021,60299.0,299445.0,368680400,89
357,82,MALUKU UTARA,KOTA TIDORE KEPULAUAN,RUMPUT LAUT SPINOSUM,2021,10.0,43.0,368680400,89
358,82,MALUKU UTARA,PULAU MOROTAI,RUMPUT LAUT SARGASSUM,2021,5885.0,23542.0,368680400,89
359,82,MALUKU UTARA,PULAU TALIABU,RUMPUT LAUT SARGASSUM,2021,19132.0,88876.0,368680400,89
360,52,NUSA TENGGARA BARAT,BIMA,RUMPUT LAUT SPINOSUM,2021,156922.0,470768.0,12459740400,90
361,52,NUSA TENGGARA BARAT,DOMPU,RUMPUT LAUT COTTONII,2021,2176.0,10880.0,12459740400,90
362,52,NUSA TENGGARA BARAT,LOMBOK TENGAH,RUMPUT LAUT COTTONII,2021,31587.0,84224.0,12459740400,90
363,52,NUSA TENGGARA BARAT,LOMBOK TIMUR,RUMPUT LAUT COTTONII,2021,5896.0,20638.0,12459740400,90
364,52,NUSA TENGGARA BARAT,LOMBOK TIMUR,RUMPUT LAUT SPINOSUM,2021,1084.0,1627.0,12459740400,90
365,52,NUSA TENGGARA BARAT,SUMBAWA,RUMPUT LAUT SPINOSUM,2021,473999.0,1542735.0,12459740400,90
366,52,NUSA TENGGARA BARAT,SUMBAWA BARAT,RUMPUT LAUT SPINOSUM,2021,10014.0,30044.0,12459740400,90
367,53,NUSA TENGGARA TIMUR,ALOR,RUMPUT LAUT SPINOSUM,2021,1993.0,4984.0,64552159600,91
368,53,NUSA TENGGARA TIMUR,FLORES TIMUR,RUMPUT LAUT SPINOSUM,2021,71463.0,178657.0,64552159600,91
369,53,NUSA TENGGARA TIMUR,KUPANG,RUMPUT LAUT COTTONII,2021,1166896.0,2917241.0,64552159600,91
370,53,NUSA TENGGARA TIMUR,LEMBATA,RUMPUT LAUT SPINOSUM,2021,408.0,1021.0,64552159600,91
371,53,NUSA TENGGARA TIMUR,NAGEKEO,RUMPUT LAUT SPINOSUM,2021,63.0,190.0,64552159600,91
372,53,NUSA TENGGARA TIMUR,NGADA,RUMPUT LAUT COTTONII,2021,514.0,1502.0,64552159600,91
373,53,NUSA TENGGARA TIMUR,NGADA,RUMPUT LAUT SPINOSUM,2021,176.0,619.0,64552159600,91
374,53,NUSA TENGGARA TIMUR,ROTE NDAO,RUMPUT LAUT SPINOSUM,2021,52117.0,260588.0,64552159600,91
375,53,NUSA TENGGARA TIMUR,SABU RAIJUA,RUMPUT LAUT SPINOSUM,2021,62940.0,179380.0,64552159600,91
376,53,NUSA TENGGARA TIMUR,SUMBA BARAT,RUMPUT LAUT COTTONII,2021,5.0,17.0,64552159600,91
377,53,NUSA TENGGARA TIMUR,SUMBA BARAT DAYA,RUMPUT LAUT SPINOSUM,2021,3621.0,12674.0,64552159600,91
378,53,NUSA TENGGARA TIMUR,SUMBA TIMUR,RUMPUT LAUT COTTONII,2021,65.0,131.0,64552159600,91
379,53,NUSA TENGGARA TIMUR,SUMBA TIMUR,RUMPUT LAUT LAINNYA,2021,32204.0,80510.0,64552159600,91
380,53,NUSA TENGGARA TIMUR,SUMBA TIMUR,RUMPUT LAUT SPINOSUM,2021,66.0,133.0,64552159600,91
381,94,PAPUA,BIAK NUMFOR,RUMPUT LAUT COTTONII,2021,233.0,350.0,11799800,92
382,94,PAPUA,BIAK NUMFOR,RUMPUT LAUT SPINOSUM,2021,335.0,335.0,11799800,92
383,94,PAPUA,KEPULAUAN YAPEN,RUMPUT LAUT COTTONII,2021,86.0,129.0,11799800,92
384,94,PAPUA,SUPIORI,RUMPUT LAUT COTTONII,2021,132.0,164.0,11799800,92
385,91,PAPUA BARAT,FAK FAK,RUMPUT LAUT COTTONII,2021,12.0,60.0,8367500.0,93
386,91,PAPUA BARAT,KAIMANA,RUMPUT LAUT COTTONII,2021,73.0,329.0,8367500.0,93
387,91,PAPUA BARAT,KAIMANA,RUMPUT LAUT SPINOSUM,2021,47.0,213.0,8367500.0,93
388,91,PAPUA BARAT,SORONG,RUMPUT LAUT SPINOSUM,2021,177.0,1595.0,8367500.0,93
389,91,PAPUA BARAT,TELUK WONDAMA,RUMPUT LAUT COTTONII,2021,432.0,1513.0,8367500.0,93
390,91,PAPUA BARAT,TELUK WONDAMA,RUMPUT LAUT SPINOSUM,2021,27.0,94.0,8367500.0,93
391,76,SULAWESI BARAT,MAMUJU,RUMPUT LAUT COTTONII,2021,9817.0,24544.0,2598413600,95
392,76,SULAWESI BARAT,MAMUJU,RUMPUT LAUT SPINOSUM,2021,45808.0,114521.0,2598413600,95
393,76,SULAWESI BARAT,MAMUJU TENGAH,RUMPUT LAUT COTTONII,2021,6928.0,23305.0,2598413600,95
394,76,SULAWESI BARAT,POLEWALI MANDAR,RUMPUT LAUT SPINOSUM,2021,14716.0,73581.0,2598413600,95
395,73,SULAWESI SELATAN,BANTAENG,RUMPUT LAUT COTTONII,2021,47769.0,162620.0,40443944200,96
396,73,SULAWESI SELATAN,BANTAENG,RUMPUT LAUT SPINOSUM,2021,38900.0,52368.0,40443944200,96
397,73,SULAWESI SELATAN,BARRU,RUMPUT LAUT COTTONII,2021,669.0,2613.0,40443944200,96
398,73,SULAWESI SELATAN,BONE,RUMPUT LAUT SPINOSUM,2021,195343.0,849975.0,40443944200,96
399,73,SULAWESI SELATAN,BULUKUMBA,RUMPUT LAUT COTTONII,2021,110363.0,220726.0,40443944200,96
400,73,SULAWESI SELATAN,BULUKUMBA,RUMPUT LAUT SPINOSUM,2021,110879.0,565485.0,40443944200,96
401,73,SULAWESI SELATAN,JENEPONTO,RUMPUT LAUT COTTONII,2021,239946.0,662105.0,40443944200,96
402,73,SULAWESI SELATAN,JENEPONTO,RUMPUT LAUT SPINOSUM,2021,14265.0,30690.0,40443944200,96
403,73,SULAWESI SELATAN,KEPULAUAN SELAYAR,RUMPUT LAUT COTTONII,2021,304.0,1295.0,40443944200,96
404,73,SULAWESI SELATAN,KEPULAUAN SELAYAR,RUMPUT LAUT SPINOSUM,2021,54.0,58.0,40443944200,96
405,73,SULAWESI SELATAN,KOTA PALOPO,RUMPUT LAUT SPINOSUM,2021,32302.0,131655.0,40443944200,96
406,73,SULAWESI SELATAN,LUWU,RUMPUT LAUT SPINOSUM,2021,291331.0,801161.0,40443944200,96
407,73,SULAWESI SELATAN,LUWU TIMUR,RUMPUT LAUT COTTONII,2021,140467.0,350848.0,40443944200,96
408,73,SULAWESI SELATAN,LUWU UTARA,RUMPUT LAUT COTTONII,2021,39571.0,106648.0,40443944200,96
409,73,SULAWESI SELATAN,MAROS,RUMPUT LAUT SPINOSUM,2021,20.0,45.0,40443944200,96
410,73,SULAWESI SELATAN,PANGKAJENE KEPULAUAN,RUMPUT LAUT COTTONII,2021,323800.0,809502.0,40443944200,96
411,73,SULAWESI SELATAN,PANGKAJENE KEPULAUAN,RUMPUT LAUT SPINOSUM,2021,113040.0,84780.0,40443944200,96
412,73,SULAWESI SELATAN,PINRANG,RUMPUT LAUT SPINOSUM,2021,19373.0,72946.0,40443944200,96
413,73,SULAWESI SELATAN,SINJAI,RUMPUT LAUT SPINOSUM,2021,20466.0,21451.0,40443944200,96
414,73,SULAWESI SELATAN,TAKALAR,RUMPUT LAUT COTTONII,2021,309753.0,1746972.0,40443944200,96
415,73,SULAWESI SELATAN,TAKALAR,RUMPUT LAUT GRACILARIA,2021,22471.0,89885.0,40443944200,96
416,73,SULAWESI SELATAN,TAKALAR,RUMPUT LAUT SPINOSUM,2021,195399.0,1032227.0,40443944200,96
417,73,SULAWESI SELATAN,WAJO,RUMPUT LAUT COTTONII,2021,436560.0,1849223.0,40443944200,96
418,72,SULAWESI TENGAH,BANGGAI,RUMPUT LAUT COTTONII,2021,3625.0,14500.0,11267713300,97
419,72,SULAWESI TENGAH,BANGGAI LAUT,RUMPUT LAUT COTTONII,2021,28356.0,105775.0,11267713300,97
420,72,SULAWESI TENGAH,DONGGALA,RUMPUT LAUT COTTONII,2021,1652.0,11564.0,11267713300,97
421,72,SULAWESI TENGAH,DONGGALA,RUMPUT LAUT SPINOSUM,2021,1551.0,7755.0,11267713300,97
422,72,SULAWESI TENGAH,MOROWALI,RUMPUT LAUT COTTONII,2021,59129.0,118258.0,11267713300,97
423,72,SULAWESI TENGAH,MOROWALI,RUMPUT LAUT SPINOSUM,2021,9385.0,16423.0,11267713300,97
424,72,SULAWESI TENGAH,MOROWALI UTARA,RUMPUT LAUT COTTONII,2021,36.0,144.0,11267713300,97
425,72,SULAWESI TENGAH,PARIGI MOUTONG,RUMPUT LAUT COTTONII,2021,2046.0,8742.0,11267713300,97
426,72,SULAWESI TENGAH,PARIGI MOUTONG,RUMPUT LAUT SPINOSUM,2021,1308.0,2808.0,11267713300,97
427,72,SULAWESI TENGAH,POSO,RUMPUT LAUT COTTONII,2021,771.0,2313.0,11267713300,97
428,72,SULAWESI TENGAH,POSO,RUMPUT LAUT SPINOSUM,2021,619.0,1238.0,11267713300,97
429,72,SULAWESI TENGAH,TOJO UNA UNA,RUMPUT LAUT SPINOSUM,2021,2316.0,6947.0,11267713300,97
430,72,SULAWESI TENGAH,TOLI TOLI,RUMPUT LAUT COTTONII,2021,182.0,182.0,11267713300,97
431,72,SULAWESI TENGAH,TOLI TOLI,RUMPUT LAUT SPINOSUM,2021,15.0,15.0,11267713300,97
432,74,SULAWESI TENGGARA,BOMBANA,RUMPUT LAUT COTTONII,2021,5809.0,29321.0,4581162500,98
433,74,SULAWESI TENGGARA,BOMBANA,RUMPUT LAUT SPINOSUM,2021,11648.0,20800.0,4581162500,98
434,74,SULAWESI TENGGARA,BUTON,RUMPUT LAUT SPINOSUM,2021,272.0,417.0,4581162500,98
435,74,SULAWESI TENGGARA,BUTON SELATAN,RUMPUT LAUT COTTONII,2021,2286.0,6858.0,4581162500,98
436,74,SULAWESI TENGGARA,BUTON TENGAH,RUMPUT LAUT COTTONII,2021,21232.0,76090.0,4581162500,98
437,74,SULAWESI TENGGARA,BUTON TENGAH,RUMPUT LAUT SPINOSUM,2021,15419.0,26984.0,4581162500,98
438,74,SULAWESI TENGGARA,BUTON UTARA,RUMPUT LAUT COTTONII,2021,25383.0,63457.0,4581162500,98
439,74,SULAWESI TENGGARA,KOLAKA,RUMPUT LAUT COTTONII,2021,28142.0,90762.0,4581162500,98
440,74,SULAWESI TENGGARA,KOLAKA UTARA,RUMPUT LAUT COTTONII,2021,8429.0,28602.0,4581162500,98
441,74,SULAWESI TENGGARA,KONAWE KEPULAUAN,RUMPUT LAUT COTTONII,2021,12.0,49.0,4581162500,98
442,74,SULAWESI TENGGARA,KONAWE SELATAN,RUMPUT LAUT COTTONII,2021,30814.0,154070.0,4581162500,98
443,74,SULAWESI TENGGARA,KONAWE SELATAN,RUMPUT LAUT SPINOSUM,2021,6474.0,32370.0,4581162500,98
444,74,SULAWESI TENGGARA,KOTA BAU BAU,RUMPUT LAUT SPINOSUM,2021,18235.0,54706.0,4581162500,98
445,74,SULAWESI TENGGARA,MUNA,RUMPUT LAUT COTTONII,2021,89323.0,207221.0,4581162500,98
446,74,SULAWESI TENGGARA,MUNA,RUMPUT LAUT SPINOSUM,2021,246.0,154.0,4581162500,98
447,74,SULAWESI TENGGARA,MUNA BARAT,RUMPUT LAUT SPINOSUM,2021,2739.0,3590.0,4581162500,98
448,74,SULAWESI TENGGARA,WAKATOBI,RUMPUT LAUT COTTONII,2021,8586.0,30684.0,4581162500,98
449,74,SULAWESI TENGGARA,WAKATOBI,RUMPUT LAUT SPINOSUM,2021,21693.0,25132.0,4581162500,98
450,71,SULAWESI UTARA,KEPULAUAN SANGIHE,RUMPUT LAUT SPINOSUM,2021,2.0,17.0,1951883500,99
451,71,SULAWESI UTARA,MINAHASA SELATAN,RUMPUT LAUT SPINOSUM,2021,7.0,38.0,1951883500,99
452,71,SULAWESI UTARA,MINAHASA TENGGARA,RUMPUT LAUT SPINOSUM,2021,37.0,148.0,1951883500,99
453,71,SULAWESI UTARA,MINAHASA UTARA,RUMPUT LAUT COTTONII,2021,26398.0,105592.0,1951883500,99
454,71,SULAWESI UTARA,MINAHASA UTARA,RUMPUT LAUT SPINOSUM,2021,158151.0,599247.0,1951883500,99
455,51,BALI,BULELENG,RUMPUT LAUT,2022,61.0,122.0,40216000,104
456,51,BALI,KLUNGKUNG,RUMPUT LAUT,2022,11409.0,39328.0,40216000,104
457,51,BALI,KOTA DENPASAR,RUMPUT LAUT,2022,286.0,688.0,40216000,104
458,36,BANTEN,SERANG,RUMPUT LAUT,2022,13742.0,68713.0,60000000,105
459,31,DKI JAKARTA,ADM KEP SERIBU,RUMPUT LAUT,2022,2.0,15.0,45000.0,108
460,75,GORONTALO,GORONTALO UTARA,RUMPUT LAUT,2022,12145.0,72873.0,391400000,109
461,75,GORONTALO,PAHUWATO,RUMPUT LAUT,2022,2.0,11.0,391400000,109
462,33,JAWA TENGAH,JEPARA,RUMPUT LAUT,2022,24473.0,37913.0,1200000000,112
463,35,JAWA TIMUR,BANYUWANGI,RUMPUT LAUT,2022,80.0,176.0,62363722000,113
464,35,JAWA TIMUR,PACITAN,RUMPUT LAUT,2022,14.0,59.0,62363722000,113
465,35,JAWA TIMUR,SITUBONDO,RUMPUT LAUT,2022,883.0,2483.0,62363722000,113
466,35,JAWA TIMUR,SUMENEP,RUMPUT LAUT,2022,644293.0,2502291.0,62363722000,113
467,61,KALIMANTAN BARAT,BENGKAYANG,RUMPUT LAUT,2022,44.0,1850.0,1690000.0,114
468,61,KALIMANTAN BARAT,KAYONG UTARA,RUMPUT LAUT,2022,36.0,83.0,1690000.0,114
469,64,KALIMANTAN TIMUR,KOTA BALIKPAPAN,RUMPUT LAUT,2022,325.0,1626.0,131784000,117
470,64,KALIMANTAN TIMUR,KOTA BONTANG,RUMPUT LAUT,2022,4184.0,14636.0,131784000,117
471,64,KALIMANTAN TIMUR,KUTAI KARTANEGARA,RUMPUT LAUT,2022,775.0,5425.0,131784000,117
472,64,KALIMANTAN TIMUR,KUTAI TIMUR,RUMPUT LAUT,2022,110.0,446.0,131784000,117
473,65,KALIMANTAN UTARA,KOTA TARAKAN,RUMPUT LAUT,2022,201508.0,849899.0,12155520000,118
474,65,KALIMANTAN UTARA,NUNUKAN,RUMPUT LAUT,2022,587458.0,1385908.0,12155520000,118
475,21,KEPULAUAN RIAU,KARIMUN,RUMPUT LAUT,2022,1625.0,2032.0,26000000,120
476,21,KEPULAUAN RIAU,KOTA BATAM,RUMPUT LAUT,2022,1595.0,1914.0,26000000,120
477,21,KEPULAUAN RIAU,LINGGA,RUMPUT LAUT,2022,9.0,9.0,26000000,120
478,21,KEPULAUAN RIAU,NATUNA,RUMPUT LAUT,2022,46.0,55.0,26000000,120
479,18,LAMPUNG,LAMPUNG SELATAN,RUMPUT LAUT,2022,5455.0,10911.0,267000000,121
480,81,MALUKU,BURU,RUMPUT LAUT,2022,2.0,17.0,6893241000,122
481,81,MALUKU,KAB MALUKU TENGGARA BARAT,RUMPUT LAUT,2022,43039.0,215196.0,6893241000,122
482,81,MALUKU,KEPULAUAN ARU,RUMPUT LAUT,2022,5668.0,16320.0,6893241000,122
483,81,MALUKU,KOTA AMBON,RUMPUT LAUT,2022,0.0,4.0,6893241000,122
484,81,MALUKU,KOTA TUAL,RUMPUT LAUT,2022,157412.0,1561271.0,6893241000,122
485,81,MALUKU,MALUKU BARAT DAYA,RUMPUT LAUT,2022,27013.0,82379.0,6893241000,122
486,81,MALUKU,MALUKU TENGGARA,RUMPUT LAUT,2022,34409.0,125243.0,6893241000,122
487,81,MALUKU,SERAM BAGIAN BARAT,RUMPUT LAUT,2022,24.0,120.0,6893241000,122
488,81,MALUKU,SERAM BAGIAN TIMUR,RUMPUT LAUT,2022,107.0,269.0,6893241000,122
489,82,MALUKU UTARA,HALMAHERA BARAT,RUMPUT LAUT,2022,470.0,2822.0,454850000,123
490,82,MALUKU UTARA,HALMAHERA SELATAN,RUMPUT LAUT,2022,58725.0,704700.0,454850000,123
491,82,MALUKU UTARA,HALMAHERA TENGAH,RUMPUT LAUT,2022,818.0,7362.0,454850000,123
492,82,MALUKU UTARA,HALMAHERA TIMUR,RUMPUT LAUT,2022,766.0,4598.0,454850000,123
493,82,MALUKU UTARA,KEPULAUAN SULA,RUMPUT LAUT,2022,32820.0,196920.0,454850000,123
494,82,MALUKU UTARA,PULAU MOROTAI,RUMPUT LAUT,2022,963.0,5780.0,454850000,123
495,82,MALUKU UTARA,PULAU TALIABU,RUMPUT LAUT,2022,40510.0,243064.0,454850000,123
496,52,NUSA TENGGARA BARAT,BIMA,RUMPUT LAUT,2022,143974.0,575899.0,12807720000,124
497,52,NUSA TENGGARA BARAT,DOMPU,RUMPUT LAUT,2022,3087.0,7851.0,12807720000,124
498,52,NUSA TENGGARA BARAT,LOMBOK TENGAH,RUMPUT LAUT,2022,31512.0,94538.0,12807720000,124
499,52,NUSA TENGGARA BARAT,LOMBOK TIMUR,RUMPUT LAUT,2022,23223.0,57590.0,12807720000,124
500,52,NUSA TENGGARA BARAT,SUMBAWA,RUMPUT LAUT,2022,473185.0,2720814.0,12807720000,124
501,52,NUSA TENGGARA BARAT,SUMBAWA BARAT,RUMPUT LAUT,2022,8017.0,39515.0,12807720000,124
502,53,NUSA TENGGARA TIMUR,ALOR,RUMPUT LAUT,2022,2014.0,7050.0,6863010700,125
503,53,NUSA TENGGARA TIMUR,FLORES TIMUR,RUMPUT LAUT,2022,50977.0,178422.0,6863010700,125
504,53,NUSA TENGGARA TIMUR,KUPANG,RUMPUT LAUT,2022,1175123.0,4112933.0,6863010700,125
505,53,NUSA TENGGARA TIMUR,LEMBATA,RUMPUT LAUT,2022,123.0,431.0,6863010700,125
506,53,NUSA TENGGARA TIMUR,MANGGARAI BARAT,RUMPUT LAUT,2022,137.0,480.0,6863010700,125
507,53,NUSA TENGGARA TIMUR,NAGEKEO,RUMPUT LAUT,2022,70.0,245.0,6863010700,125
508,53,NUSA TENGGARA TIMUR,NGADA,RUMPUT LAUT,2022,163.0,571.0,6863010700,125
509,53,NUSA TENGGARA TIMUR,ROTE NDAO,RUMPUT LAUT,2022,88027.0,379435.0,6863010700,125
510,53,NUSA TENGGARA TIMUR,SABU RAIJUA,RUMPUT LAUT,2022,53921.0,162205.0,6863010700,125
511,53,NUSA TENGGARA TIMUR,SUMBA BARAT DAYA,RUMPUT LAUT,2022,1330.0,4656.0,6863010700,125
512,53,NUSA TENGGARA TIMUR,SUMBA TIMUR,RUMPUT LAUT,2022,31446.0,110061.0,6863010700,125
513,94,PAPUA,BIAK NUMFOR,RUMPUT LAUT,2022,569.0,686.0,6654400.0,126
514,94,PAPUA,KEPULAUAN YAPEN,RUMPUT LAUT,2022,86.0,129.0,6654400.0,126
515,94,PAPUA,SUPIORI,RUMPUT LAUT,2022,132.0,164.0,6654400.0,126
516,91,PAPUA BARAT,FAK FAK,RUMPUT LAUT,2022,13.0,66.0,7727500.0,127
517,91,PAPUA BARAT,KAIMANA,RUMPUT LAUT,2022,94.0,425.0,7727500.0,127
518,91,PAPUA BARAT,SORONG,RUMPUT LAUT,2022,177.0,1595.0,7727500.0,127
519,91,PAPUA BARAT,TELUK WONDAMA,RUMPUT LAUT,2022,461.0,1615.0,7727500.0,127
520,76,SULAWESI BARAT,MAMUJU,RUMPUT LAUT,2022,1868.0,9792.0,2498400000,129
521,76,SULAWESI BARAT,MAMUJU TENGAH,RUMPUT LAUT,2022,9.0,77.0,2498400000,129
522,76,SULAWESI BARAT,POLEWALI MANDAR,RUMPUT LAUT,2022,14446.0,86678.0,2498400000,129
523,73,SULAWESI SELATAN,BANTAENG,RUMPUT LAUT,2022,89164.0,314032.0,40805418000,130
524,73,SULAWESI SELATAN,BARRU,RUMPUT LAUT,2022,949.0,5274.0,40805418000,130
525,73,SULAWESI SELATAN,BONE,RUMPUT LAUT,2022,200900.0,1406306.0,40805418000,130
526,73,SULAWESI SELATAN,BULUKUMBA,RUMPUT LAUT,2022,188969.0,1069054.0,40805418000,130
527,73,SULAWESI SELATAN,JENEPONTO,RUMPUT LAUT,2022,245429.0,1593241.0,40805418000,130
528,73,SULAWESI SELATAN,KEPULAUAN SELAYAR,RUMPUT LAUT,2022,381.0,1685.0,40805418000,130
529,73,SULAWESI SELATAN,KOTA PALOPO,RUMPUT LAUT,2022,32355.0,204752.0,40805418000,130
530,73,SULAWESI SELATAN,KOTA PARE PARE,RUMPUT LAUT,2022,7.0,47.0,40805418000,130
531,73,SULAWESI SELATAN,LUWU,RUMPUT LAUT,2022,312970.0,1808145.0,40805418000,130
532,73,SULAWESI SELATAN,LUWU TIMUR,RUMPUT LAUT,2022,145978.0,727015.0,40805418000,130
533,73,SULAWESI SELATAN,LUWU UTARA,RUMPUT LAUT,2022,40956.0,135437.0,40805418000,130
534,73,SULAWESI SELATAN,MAROS,RUMPUT LAUT,2022,25.0,125.0,40805418000,130
535,73,SULAWESI SELATAN,PANGKAJENE KEPULAUAN,RUMPUT LAUT,2022,396005.0,917527.0,40805418000,130
536,73,SULAWESI SELATAN,PINRANG,RUMPUT LAUT,2022,24405.0,97620.0,40805418000,130
537,73,SULAWESI SELATAN,SINJAI,RUMPUT LAUT,2022,25737.0,27543.0,40805418000,130
538,73,SULAWESI SELATAN,TAKALAR,RUMPUT LAUT,2022,528504.0,3309534.0,40805418000,130
539,73,SULAWESI SELATAN,WAJO,RUMPUT LAUT,2022,439665.0,2313412.0,40805418000,130
540,72,SULAWESI TENGAH,BANGGAI,RUMPUT LAUT,2022,350.0,2450.0,16318490000,131
541,72,SULAWESI TENGAH,BANGGAI KEPULAUAN,RUMPUT LAUT,2022,562677.0,5641565.0,16318490000,131
542,72,SULAWESI TENGAH,BANGGAI LAUT,RUMPUT LAUT,2022,29003.0,72507.0,16318490000,131
543,72,SULAWESI TENGAH,DONGGALA,RUMPUT LAUT,2022,2956.0,20692.0,16318490000,131
544,72,SULAWESI TENGAH,MOROWALI,RUMPUT LAUT,2022,46050.0,281370.0,16318490000,131
545,72,SULAWESI TENGAH,MOROWALI UTARA,RUMPUT LAUT,2022,78.0,704.0,16318490000,131
546,72,SULAWESI TENGAH,PARIGI MOUTONG,RUMPUT LAUT,2022,1591.0,7102.0,16318490000,131
547,72,SULAWESI TENGAH,POSO,RUMPUT LAUT,2022,1732.0,4563.0,16318490000,131
548,72,SULAWESI TENGAH,TOJO UNA UNA,RUMPUT LAUT,2022,7029.0,21087.0,16318490000,131
549,72,SULAWESI TENGAH,TOLI TOLI,RUMPUT LAUT,2022,25.0,38.0,16318490000,131
550,74,SULAWESI TENGGARA,BOMBANA,RUMPUT LAUT,2022,19305.0,120084.0,10721615100,132
551,74,SULAWESI TENGGARA,BUTON,RUMPUT LAUT,2022,3688.0,8030.0,10721615100,132
552,74,SULAWESI TENGGARA,BUTON SELATAN,RUMPUT LAUT,2022,1919.0,5759.0,10721615100,132
553,74,SULAWESI TENGGARA,BUTON TENGAH,RUMPUT LAUT,2022,28724.0,137060.0,10721615100,132
554,74,SULAWESI TENGGARA,BUTON UTARA,RUMPUT LAUT,2022,26277.0,71634.0,10721615100,132
555,74,SULAWESI TENGGARA,KOLAKA,RUMPUT LAUT,2022,28962.0,161233.0,10721615100,132
556,74,SULAWESI TENGGARA,KOLAKA UTARA,RUMPUT LAUT,2022,751.0,2999.0,10721615100,132
557,74,SULAWESI TENGGARA,KONAWE KEPULAUAN,RUMPUT LAUT,2022,5.0,31.0,10721615100,132
558,74,SULAWESI TENGGARA,KONAWE SELATAN,RUMPUT LAUT,2022,37285.0,261001.0,10721615100,132
559,74,SULAWESI TENGGARA,KOTA BAU BAU,RUMPUT LAUT,2022,18400.0,55202.0,10721615100,132
560,74,SULAWESI TENGGARA,MUNA,RUMPUT LAUT,2022,112441.0,390101.0,10721615100,132
561,74,SULAWESI TENGGARA,MUNA BARAT,RUMPUT LAUT,2022,2734.0,46824.0,10721615100,132
562,74,SULAWESI TENGGARA,WAKATOBI,RUMPUT LAUT,2022,32606.0,37541.0,10721615100,132
563,71,SULAWESI UTARA,KEPULAUAN SANGIHE,RUMPUT LAUT,2022,2.0,18.0,1952475000,133
564,71,SULAWESI UTARA,MINAHASA,RUMPUT LAUT,2022,1.0,5.0,1952475000,133
565,71,SULAWESI UTARA,MINAHASA SELATAN,RUMPUT LAUT,2022,6.0,32.0,1952475000,133
566,71,SULAWESI UTARA,MINAHASA TENGGARA,RUMPUT LAUT,2022,37.0,151.0,1952475000,133
567,71,SULAWESI UTARA,MINAHASA UTARA,RUMPUT LAUT,2022,183283.0,700473.0,1952475000,133
