id,Kode_Provinsi,Provinsi,Kabupaten_Kota,Jenis_Budidaya_Rumput_Laut,Tahun,Volume_Produksi_Kg,Nilai_Produksi_Rp
1.,51.,BALI,BULELENG,RUMPUT LAUT COTTONII,2019.,40500.,81000000.
2.,51.,BALI,KLUNGKUNG,RUMPUT LAUT COTTONII,2019.,465862.,676603000.
3.,51.,BALI,KLUNGKUNG,RUMPUT LAUT SPINOSUM,2019.,36300.,66622500.
4.,51.,BALI,KOTA DENPASAR,RUMPUT LAUT COTTONII,2019.,307000.,460500000.
5.,36.,BANTEN,PANDEGLANG,RUMPUT LAUT COTTONII,2019.,30140.,60280000.
6.,36.,BANTEN,PANDEGLANG,RUMPUT LAUT SPINOSUM,2019.,52200.,156600000.
7.,36.,BANTEN,SERANG,RUMPUT LAUT COTTONII,2019.,11905620.,17858430000.
8.,36.,BANTEN,SERANG,RUMPUT LAUT SPINOSUM,2019.,10016502.,15024753000.
9.,36.,BANTEN,TANGERANG,RUMPUT LAUT GRACILARIA,2019.,431104.,1724416000.
10.,17.,BENGKULU,KAUR,RUMPUT LAUT COTTONII,2019.,60000.,1500000000.
11.,31.,DKI JAKARTA,ADM. KEP. SERIBU,RUMPUT LAUT COTTONII,2019.,253615.,2028920000.
12.,75.,GORONTALO,GORONTALO UTARA,RUMPUT LAUT COTTONII,2019.,7196458.,35982290000.
13.,75.,GORONTALO,GORONTALO UTARA,RUMPUT LAUT SPINOSUM,2019.,2100000.,10500000000.
14.,75.,GORONTALO,PAHUWATO,RUMPUT LAUT COTTONII,2019.,7244.,21732000.
15.,75.,GORONTALO,PAHUWATO,RUMPUT LAUT SPINOSUM,2019.,25168.,75504000.
16.,33.,JAWA TENGAH,BREBES,RUMPUT LAUT COTTONII,2019.,10559612.,10559612000.
17.,33.,JAWA TENGAH,JEPARA,RUMPUT LAUT COTTONII,2019.,6543600.,9815400000.
18.,33.,JAWA TENGAH,JEPARA,RUMPUT LAUT SPINOSUM,2019.,10065600.,18118080000.
19.,35.,JAWA TIMUR,BANYUWANGI,RUMPUT LAUT COTTONII,2019.,1027600.,2260720000.
20.,35.,JAWA TIMUR,BANYUWANGI,RUMPUT LAUT SPINOSUM,2019.,1714400.,3771680000.
21.,35.,JAWA TIMUR,PACITAN,RUMPUT LAUT COTTONII,2019.,1125.,5625000.
22.,35.,JAWA TIMUR,PACITAN,RUMPUT LAUT SPINOSUM,2019.,55600.,278000000.
23.,35.,JAWA TIMUR,PAMEKASAN,RUMPUT LAUT COTTONII,2019.,403878.,1413573000.
24.,35.,JAWA TIMUR,PAMEKASAN,RUMPUT LAUT SPINOSUM,2019.,331128.,653595000.
25.,35.,JAWA TIMUR,SITUBONDO,RUMPUT LAUT COTTONII,2019.,51225.,72303000.
26.,35.,JAWA TIMUR,SUMENEP,RUMPUT LAUT COTTONII,2019.,670453004.,3352265020000.
27.,61.,KALIMANTAN BARAT,BENGKAYANG,RUMPUT LAUT SPINOSUM,2019.,20000.,500000000.
28.,63.,KALIMANTAN SELATAN,KOTABARU,RUMPUT LAUT COTTONII,2019.,50250.,199300000.
29.,63.,KALIMANTAN SELATAN,TANAH BUMBU,RUMPUT LAUT COTTONII,2019.,25220.,47287500.
30.,64.,KALIMANTAN TIMUR,KOTA BALIKPAPAN,RUMPUT LAUT COTTONII,2019.,25093.,96873000.
31.,64.,KALIMANTAN TIMUR,KOTA BONTANG,RUMPUT LAUT COTTONII,2019.,5619082.,13969563600.
32.,64.,KALIMANTAN TIMUR,KUTAI KARTANEGARA,RUMPUT LAUT COTTONII,2019.,653451.,2869177400.
33.,64.,KALIMANTAN TIMUR,KUTAI TIMUR,RUMPUT LAUT COTTONII,2019.,102348.,683676800.
34.,64.,KALIMANTAN TIMUR,PASER,RUMPUT LAUT COTTONII,2019.,8709.,21772500.
35.,64.,KALIMANTAN TIMUR,PENAJAM PASER UTARA,RUMPUT LAUT COTTONII,2019.,33003.,49504500.
36.,65.,KALIMANTAN UTARA,KOTA TARAKAN,RUMPUT LAUT COTTONII,2019.,152576769.,333602605500.
37.,65.,KALIMANTAN UTARA,NUNUKAN,RUMPUT LAUT COTTONII,2019.,337122356.,452339067500.
38.,21.,KEPULAUAN RIAU,KARIMUN,RUMPUT LAUT COTTONII,2019.,1004288.,9540736000.
39.,21.,KEPULAUAN RIAU,KARIMUN,RUMPUT LAUT SPINOSUM,2019.,1208760.,9670080000.
40.,21.,KEPULAUAN RIAU,KEPULAUAN ANAMBAS,RUMPUT LAUT COTTONII,2019.,1036.,9842000.
41.,21.,KEPULAUAN RIAU,KOTA BATAM,RUMPUT LAUT COTTONII,2019.,2582244.,24531318000.
42.,21.,KEPULAUAN RIAU,LINGGA,RUMPUT LAUT COTTONII,2019.,1000.,9000000.
43.,21.,KEPULAUAN RIAU,NATUNA,RUMPUT LAUT COTTONII,2019.,13690.,164280000.
44.,18.,LAMPUNG,LAMPUNG SELATAN,RUMPUT LAUT COTTONII,2019.,2048000.,4096000000.
45.,18.,LAMPUNG,LAMPUNG SELATAN,RUMPUT LAUT SPINOSUM,2019.,2133000.,4266000000.
46.,81.,MALUKU,KAB MALUKU TENGGARA BARAT,RUMPUT LAUT COTTONII,2019.,78655096.,393275480000.
47.,81.,MALUKU,KEPULAUAN ARU,RUMPUT LAUT COTTONII,2019.,24995946.,74987838000.
48.,81.,MALUKU,KOTA AMBON,RUMPUT LAUT COTTONII,2019.,228902.,1820716000.
49.,81.,MALUKU,KOTA TUAL,RUMPUT LAUT COTTONII,2019.,260350426.,611823501100.
50.,81.,MALUKU,MALUKU BARAT DAYA,RUMPUT LAUT COTTONII,2019.,19427337.,23312804400.
51.,81.,MALUKU,MALUKU TENGGARA,RUMPUT LAUT COTTONII,2019.,234606972.,557191558500.
52.,81.,MALUKU,SERAM BAGIAN BARAT,RUMPUT LAUT COTTONII,2019.,168473.,505419000.
53.,81.,MALUKU,SERAM BAGIAN TIMUR,RUMPUT LAUT COTTONII,2019.,83208.,416040000.
54.,82.,MALUKU UTARA,HALMAHERA BARAT,RUMPUT LAUT SPINOSUM,2019.,102908.,617448000.
55.,82.,MALUKU UTARA,HALMAHERA SELATAN,RUMPUT LAUT SPINOSUM,2019.,151700.,910200000.
56.,82.,MALUKU UTARA,HALMAHERA TENGAH,RUMPUT LAUT COTTONII,2019.,21000.,126000000.
57.,82.,MALUKU UTARA,HALMAHERA TENGAH,RUMPUT LAUT SPINOSUM,2019.,30969.,185814000.
58.,82.,MALUKU UTARA,HALMAHERA TIMUR,RUMPUT LAUT COTTONII,2019.,619728.,2945898000.
59.,82.,MALUKU UTARA,KEPULAUAN SULA,RUMPUT LAUT SARGASSUM,2019.,56235876.,281548704000.
60.,82.,MALUKU UTARA,KOTA TIDORE KEPULAUAN,RUMPUT LAUT COTTONII,2019.,10548.,42192000.
61.,82.,MALUKU UTARA,PULAU MOROTAI,RUMPUT LAUT SARGASSUM,2019.,5790096.,23160384000.
62.,82.,MALUKU UTARA,PULAU TALIABU,RUMPUT LAUT SARGASSUM,2019.,18592500.,86370000000.
63.,52.,NUSA TENGGARA BARAT,BIMA,RUMPUT LAUT COTTONII,2019.,55981405.,83972107500.
64.,52.,NUSA TENGGARA BARAT,BIMA,RUMPUT LAUT SPINOSUM,2019.,57020566.,85530849000.
65.,52.,NUSA TENGGARA BARAT,DOMPU,RUMPUT LAUT COTTONII,2019.,1044200.,5010250000.
66.,52.,NUSA TENGGARA BARAT,DOMPU,RUMPUT LAUT GRACILARIA,2019.,104400.,261000000.
67.,52.,NUSA TENGGARA BARAT,LOMBOK BARAT,RUMPUT LAUT SPINOSUM,2019.,52688203.,237096913500.
68.,52.,NUSA TENGGARA BARAT,LOMBOK TENGAH,RUMPUT LAUT COTTONII,2019.,27503960.,78615288250.
69.,52.,NUSA TENGGARA BARAT,LOMBOK TIMUR,RUMPUT LAUT COTTONII,2019.,3863467.,11590401000.
70.,52.,NUSA TENGGARA BARAT,LOMBOK TIMUR,RUMPUT LAUT SPINOSUM,2019.,120520.,241040000.
71.,52.,NUSA TENGGARA BARAT,SUMBAWA,RUMPUT LAUT COTTONII,2019.,580509036.,1886805240000.
72.,52.,NUSA TENGGARA BARAT,SUMBAWA BARAT,RUMPUT LAUT COTTONII,2019.,51500000.,154500000000.
73.,52.,NUSA TENGGARA BARAT,SUMBAWA BARAT,RUMPUT LAUT SPINOSUM,2019.,37672000.,111316000000.
74.,53.,NUSA TENGGARA TIMUR,ALOR,RUMPUT LAUT COTTONII,2019.,1902589.,4756472500.
75.,53.,NUSA TENGGARA TIMUR,FLORES TIMUR,RUMPUT LAUT COTTONII,2019.,112371462.,280928655000.
76.,53.,NUSA TENGGARA TIMUR,KUPANG,RUMPUT LAUT COTTONII,2019.,1277765000.,3833295000000.
77.,53.,NUSA TENGGARA TIMUR,LEMBATA,RUMPUT LAUT COTTONII,2019.,337581.,843952500.
78.,53.,NUSA TENGGARA TIMUR,LEMBATA,RUMPUT LAUT SPINOSUM,2019.,10727.,26817500.
79.,53.,NUSA TENGGARA TIMUR,NAGEKEO,RUMPUT LAUT COTTONII,2019.,60315.,180945000.
80.,53.,NUSA TENGGARA TIMUR,NGADA,RUMPUT LAUT COTTONII,2019.,299717.,1049009500.
81.,53.,NUSA TENGGARA TIMUR,ROTE NDAO,RUMPUT LAUT COTTONII,2019.,101071240.,389661197000.
82.,53.,NUSA TENGGARA TIMUR,SABU RAIJUA,RUMPUT LAUT COTTONII,2019.,75759390.,215914261500.
83.,53.,NUSA TENGGARA TIMUR,SUMBA BARAT DAYA,RUMPUT LAUT COTTONII,2019.,3319470.,11618145000.
84.,53.,NUSA TENGGARA TIMUR,SUMBA TIMUR,RUMPUT LAUT COTTONII,2019.,22843651.,57109127500.
85.,94.,PAPUA,BIAK NUMFOR,RUMPUT LAUT COTTONII,2019.,110388.,165582000.
86.,94.,PAPUA,BIAK NUMFOR,RUMPUT LAUT SPINOSUM,2019.,272699.,272699000.
87.,94.,PAPUA,KEPULAUAN YAPEN,RUMPUT LAUT COTTONII,2019.,99250.,140281000.
88.,94.,PAPUA,SUPIORI,RUMPUT LAUT COTTONII,2019.,112640.,136640000.
89.,91.,PAPUA BARAT,FAK FAK,RUMPUT LAUT COTTONII,2019.,10163200.,50816000000.
90.,91.,PAPUA BARAT,KAIMANA,RUMPUT LAUT COTTONII,2019.,1312500.,1050000000.
91.,91.,PAPUA BARAT,RAJA AMPAT,RUMPUT LAUT COTTONII,2019.,19278.,7711200.
92.,91.,PAPUA BARAT,SORONG,RUMPUT LAUT COTTONII,2019.,120000.,540000000.
93.,91.,PAPUA BARAT,SORONG,RUMPUT LAUT SPINOSUM,2019.,155000.,1395000000.
94.,91.,PAPUA BARAT,TELUK WONDAMA,RUMPUT LAUT COTTONII,2019.,12240.,36720000.
95.,91.,PAPUA BARAT,TELUK WONDAMA,RUMPUT LAUT SPINOSUM,2019.,138920.,416760000.
96.,76.,SULAWESI BARAT,MAMUJU,RUMPUT LAUT COTTONII,2019.,56607000.,141517500000.
97.,76.,SULAWESI BARAT,MAMUJU TENGAH,RUMPUT LAUT COTTONII,2019.,2325336.,51157392000.
98.,76.,SULAWESI BARAT,POLEWALI MANDAR,RUMPUT LAUT COTTONII,2019.,11587325.,52142962500.
99.,73.,SULAWESI SELATAN,BANTAENG,RUMPUT LAUT COTTONII,2019.,16075120.,50188550000.
100.,73.,SULAWESI SELATAN,BANTAENG,RUMPUT LAUT SPINOSUM,2019.,68730164.,65677792200.
101.,73.,SULAWESI SELATAN,BARRU,RUMPUT LAUT COTTONII,2019.,1113995.,4128582500.
102.,73.,SULAWESI SELATAN,BONE,RUMPUT LAUT COTTONII,2019.,180195529.,720782116000.
103.,73.,SULAWESI SELATAN,BULUKUMBA,RUMPUT LAUT COTTONII,2019.,176529996.,706119984000.
104.,73.,SULAWESI SELATAN,JENEPONTO,RUMPUT LAUT COTTONII,2019.,138623850.,859811634000.
105.,73.,SULAWESI SELATAN,JENEPONTO,RUMPUT LAUT SPINOSUM,2019.,26413422.,110732857500.
106.,73.,SULAWESI SELATAN,KEPULAUAN SELAYAR,RUMPUT LAUT COTTONII,2019.,313304.,861586000.
107.,73.,SULAWESI SELATAN,KEPULAUAN SELAYAR,RUMPUT LAUT SPINOSUM,2019.,82445.,412225000.
108.,73.,SULAWESI SELATAN,KOTA PALOPO,RUMPUT LAUT COTTONII,2019.,26684502.,83999586600.
109.,73.,SULAWESI SELATAN,LUWU,RUMPUT LAUT COTTONII,2019.,286139720.,672708205000.
110.,73.,SULAWESI SELATAN,LUWU TIMUR,RUMPUT LAUT COTTONII,2019.,148690499.,520416746500.
111.,73.,SULAWESI SELATAN,LUWU UTARA,RUMPUT LAUT COTTONII,2019.,37299773.,102089479000.
112.,73.,SULAWESI SELATAN,PANGKAJENE KEPULAUAN,RUMPUT LAUT COTTONII,2019.,317676000.,1195622016000.
113.,73.,SULAWESI SELATAN,PANGKAJENE KEPULAUAN,RUMPUT LAUT SPINOSUM,2019.,117829974.,201119478000.
114.,73.,SULAWESI SELATAN,PINRANG,RUMPUT LAUT COTTONII,2019.,18459095.,66452742000.
115.,73.,SULAWESI SELATAN,PINRANG,RUMPUT LAUT GRACILARIA,2019.,207000.,77625000.
116.,73.,SULAWESI SELATAN,SINJAI,RUMPUT LAUT SPINOSUM,2019.,18165571.,15043453600.
117.,73.,SULAWESI SELATAN,TAKALAR,RUMPUT LAUT COTTONII,2019.,332781097.,1226287248900.
118.,73.,SULAWESI SELATAN,TAKALAR,RUMPUT LAUT SPINOSUM,2019.,91393060.,109671672000.
119.,73.,SULAWESI SELATAN,WAJO,RUMPUT LAUT COTTONII,2019.,433300134.,1676753937000.
120.,72.,SULAWESI TENGAH,BANGGAI,RUMPUT LAUT COTTONII,2019.,1352161.,4056483000.
121.,72.,SULAWESI TENGAH,BANGGAI,RUMPUT LAUT SPINOSUM,2019.,700.,1400000.
122.,72.,SULAWESI TENGAH,BANGGAI KEPULAUAN,RUMPUT LAUT COTTONII,2019.,678219054.,2034657162000.
123.,72.,SULAWESI TENGAH,BANGGAI LAUT,RUMPUT LAUT COTTONII,2019.,20845036.,62535108000.
124.,72.,SULAWESI TENGAH,DONGGALA,RUMPUT LAUT COTTONII,2019.,3006000.,15030000000.
125.,72.,SULAWESI TENGAH,MOROWALI,RUMPUT LAUT COTTONII,2019.,86300004.,428005020000.
126.,72.,SULAWESI TENGAH,MOROWALI,RUMPUT LAUT SPINOSUM,2019.,114940000.,229880000000.
127.,72.,SULAWESI TENGAH,MOROWALI UTARA,RUMPUT LAUT COTTONII,2019.,26731.,80193000.
128.,72.,SULAWESI TENGAH,PARIGI MOUTONG,RUMPUT LAUT COTTONII,2019.,11766582.,50274619000.
129.,72.,SULAWESI TENGAH,PARIGI MOUTONG,RUMPUT LAUT SPINOSUM,2019.,722000.,1613000000.
130.,72.,SULAWESI TENGAH,POSO,RUMPUT LAUT COTTONII,2019.,1019320.,2314168000.
131.,72.,SULAWESI TENGAH,TOJO UNA UNA,RUMPUT LAUT COTTONII,2019.,6436000.,12872000000.
132.,72.,SULAWESI TENGAH,TOLI TOLI,RUMPUT LAUT COTTONII,2019.,625002.,4114614000.
133.,72.,SULAWESI TENGAH,TOLI TOLI,RUMPUT LAUT SPINOSUM,2019.,79998.,159996000.
134.,74.,SULAWESI TENGGARA,BOMBANA,RUMPUT LAUT COTTONII,2019.,4980440.,22581720000.
135.,74.,SULAWESI TENGGARA,BOMBANA,RUMPUT LAUT SPINOSUM,2019.,18595242.,24032400000.
136.,74.,SULAWESI TENGGARA,BUTON,RUMPUT LAUT COTTONII,2019.,5136563.,22963605000.
137.,74.,SULAWESI TENGGARA,BUTON,RUMPUT LAUT SPINOSUM,2019.,1326689.,3488954000.
138.,74.,SULAWESI TENGGARA,BUTON SELATAN,RUMPUT LAUT COTTONII,2019.,3754276.,10749775000.
139.,74.,SULAWESI TENGGARA,BUTON TENGAH,RUMPUT LAUT COTTONII,2019.,11752132.,49780879500.
140.,74.,SULAWESI TENGGARA,BUTON TENGAH,RUMPUT LAUT SPINOSUM,2019.,16438205.,60318366500.
141.,74.,SULAWESI TENGGARA,BUTON UTARA,RUMPUT LAUT COTTONII,2019.,28204160.,76404400000.
142.,74.,SULAWESI TENGGARA,KOLAKA,RUMPUT LAUT COTTONII,2019.,25644468.,97895068000.
143.,74.,SULAWESI TENGGARA,KOLAKA UTARA,RUMPUT LAUT COTTONII,2019.,8554000.,25662000000.
144.,74.,SULAWESI TENGGARA,KONAWE KEPULAUAN,RUMPUT LAUT COTTONII,2019.,40000.,115000000.
145.,74.,SULAWESI TENGGARA,KONAWE KEPULAUAN,RUMPUT LAUT SPINOSUM,2019.,82500.,412500000.
146.,74.,SULAWESI TENGGARA,KONAWE SELATAN,RUMPUT LAUT COTTONII,2019.,42869516.,214347580000.
147.,74.,SULAWESI TENGGARA,KOTA BAU BAU,RUMPUT LAUT COTTONII,2019.,17965712.,53897136000.
148.,74.,SULAWESI TENGGARA,MUNA,RUMPUT LAUT COTTONII,2019.,136438631.,779448505000.
149.,74.,SULAWESI TENGGARA,MUNA BARAT,RUMPUT LAUT COTTONII,2019.,1325200.,3975600000.
150.,74.,SULAWESI TENGGARA,MUNA BARAT,RUMPUT LAUT SPINOSUM,2019.,1326000.,6630000000.
151.,74.,SULAWESI TENGGARA,WAKATOBI,RUMPUT LAUT COTTONII,2019.,4672484.,11681210000.
152.,74.,SULAWESI TENGGARA,WAKATOBI,RUMPUT LAUT SPINOSUM,2019.,17780094.,17780094000.
153.,71.,SULAWESI UTARA,MINAHASA,RUMPUT LAUT SPINOSUM,2019.,6471330.,25885320000.
154.,71.,SULAWESI UTARA,MINAHASA SELATAN,RUMPUT LAUT COTTONII,2019.,22020.,88080000.
155.,71.,SULAWESI UTARA,MINAHASA SELATAN,RUMPUT LAUT SPINOSUM,2019.,95498.,381992000.
156.,71.,SULAWESI UTARA,MINAHASA TENGGARA,RUMPUT LAUT SPINOSUM,2019.,15230.,60920000.
157.,71.,SULAWESI UTARA,MINAHASA UTARA,RUMPUT LAUT COTTONII,2019.,28444408.,98898226000.
158.,71.,SULAWESI UTARA,MINAHASA UTARA,RUMPUT LAUT SPINOSUM,2019.,322548010.,787204015000.
159.,71.,SUMATERA UTARA,NIAS UTARA,RUMPUT LAUT SPINOSUM,2019.,180000.,2700000000.
160.,51.,BALI,KLUNGKUNG,RUMPUT LAUT COTTONII,2020.,16399201.,31158481900.
161.,51.,BALI,KLUNGKUNG,RUMPUT LAUT SPINOSUM,2020.,441140.,573482000.
162.,51.,BALI,KOTA DENPASAR,RUMPUT LAUT COTTONII,2020.,305000.,427000000.
163.,36.,BANTEN,PANDEGLANG,RUMPUT LAUT SPINOSUM,2020.,31633.,126532000.
164.,36.,BANTEN,SERANG,RUMPUT LAUT COTTONII,2020.,11905620.,17858430000.
165.,36.,BANTEN,SERANG,RUMPUT LAUT SPINOSUM,2020.,10016501.,15024751500.
166.,31.,DKI JAKARTA,ADM. KEP. SERIBU,RUMPUT LAUT COTTONII,2020.,104550.,836400000.
167.,31.,DKI JAKARTA,ADM. KEP. SERIBU,RUMPUT LAUT SPINOSUM,2020.,12100.,90750000.
168.,75.,GORONTALO,GORONTALO UTARA,RUMPUT LAUT GRACILARIA,2020.,8667068.,43335340000.
169.,75.,GORONTALO,PAHUWATO,RUMPUT LAUT SPINOSUM,2020.,4200.,12600000.
170.,32.,JAWA BARAT,INDRAMAYU,RUMPUT LAUT GRACILARIA,2020.,42391305.,104416591800.
171.,32.,JAWA BARAT,KARAWANG,RUMPUT LAUT GRACILARIA,2020.,750052.,5625390000.
172.,33.,JAWA TENGAH,BREBES,RUMPUT LAUT GRACILARIA,2020.,55428502.,55428502000.
173.,33.,JAWA TENGAH,JEPARA,RUMPUT LAUT SPINOSUM,2020.,23663604.,42594487200.
174.,33.,JAWA TENGAH,KOTA TEGAL,RUMPUT LAUT GRACILARIA,2020.,160730.,723285000.
175.,35.,JAWA TIMUR,BANYUWANGI,RUMPUT LAUT COTTONII,2020.,3903000.,8586600000.
176.,35.,JAWA TIMUR,PACITAN,RUMPUT LAUT SPINOSUM,2020.,155330.,776650000.
177.,35.,JAWA TIMUR,PAMEKASAN,RUMPUT LAUT COTTONII,2020.,9600.,28800000.
178.,35.,JAWA TIMUR,SITUBONDO,RUMPUT LAUT COTTONII,2020.,198695.,422971500.
179.,35.,JAWA TIMUR,SUMENEP,RUMPUT LAUT COTTONII,2020.,683425380.,2575607170000.
180.,61.,KALIMANTAN BARAT,BENGKAYANG,RUMPUT LAUT SARGASSUM,2020.,44000.,528000000.
181.,61.,KALIMANTAN BARAT,BENGKAYANG,RUMPUT LAUT SPINOSUM,2020.,49100.,245500000.
182.,64.,KALIMANTAN TIMUR,KOTA BALIKPAPAN,RUMPUT LAUT COTTONII,2020.,77800.,311200000.
183.,64.,KALIMANTAN TIMUR,KOTA BONTANG,RUMPUT LAUT GRACILARIA,2020.,2143150.,4286300000.
184.,64.,KALIMANTAN TIMUR,KOTA BONTANG,RUMPUT LAUT SPINOSUM,2020.,1940000.,3880000000.
185.,64.,KALIMANTAN TIMUR,KUTAI KARTANEGARA,RUMPUT LAUT SPINOSUM,2020.,823716.,3883257000.
186.,64.,KALIMANTAN TIMUR,KUTAI TIMUR,RUMPUT LAUT SPINOSUM,2020.,37260.,173490000.
187.,64.,KALIMANTAN TIMUR,PASER,RUMPUT LAUT SPINOSUM,2020.,36405.,109215000.
188.,65.,KALIMANTAN UTARA,KOTA TARAKAN,RUMPUT LAUT COTTONII,2020.,185491704.,501169624000.
189.,65.,KALIMANTAN UTARA,NUNUKAN,RUMPUT LAUT COTTONII,2020.,337765860.,422207325000.
190.,19.,KEPULAUAN BANGKA BELITUNG,BELITUNG,RUMPUT LAUT SPINOSUM,2020.,21808.,30531200.
191.,21.,KEPULAUAN RIAU,KARIMUN,RUMPUT LAUT COTTONII,2020.,1650960.,16509600000.
192.,21.,KEPULAUAN RIAU,KEPULAUAN ANAMBAS,RUMPUT LAUT COTTONII,2020.,11811.,118110000.
193.,21.,KEPULAUAN RIAU,KOTA BATAM,RUMPUT LAUT COTTONII,2020.,2406992.,24069920000.
194.,21.,KEPULAUAN RIAU,LINGGA,RUMPUT LAUT COTTONII,2020.,5830.,58300000.
195.,21.,KEPULAUAN RIAU,NATUNA,RUMPUT LAUT COTTONII,2020.,19770.,168880000.
196.,18.,LAMPUNG,LAMPUNG SELATAN,RUMPUT LAUT COTTONII,2020.,5334256.,10668512000.
197.,18.,LAMPUNG,LAMPUNG SELATAN,RUMPUT LAUT SPINOSUM,2020.,5571.,11142000.
198.,81.,MALUKU,KAB MALUKU TENGGARA BARAT,RUMPUT LAUT COTTONII,2020.,52376015.,261880075000.
199.,81.,MALUKU,KEPULAUAN ARU,RUMPUT LAUT COTTONII,2020.,10818225.,23761350000.
200.,81.,MALUKU,KOTA AMBON,RUMPUT LAUT COTTONII,2020.,5000.,25000000.
201.,81.,MALUKU,KOTA TUAL,RUMPUT LAUT COTTONII,2020.,72839000.,364195000000.
202.,81.,MALUKU,MALUKU BARAT DAYA,RUMPUT LAUT COTTONII,2020.,31162506.,34599997800.
203.,81.,MALUKU,MALUKU TENGGARA,RUMPUT LAUT COTTONII,2020.,24156355.,34121463750.
204.,81.,MALUKU,SERAM BAGIAN BARAT,RUMPUT LAUT COTTONII,2020.,47596.,142788000.
205.,81.,MALUKU,SERAM BAGIAN TIMUR,RUMPUT LAUT COTTONII,2020.,34749.,173745000.
206.,81.,MALUKU,SERAM BAGIAN TIMUR,RUMPUT LAUT SPINOSUM,2020.,49724.,248620000.
207.,82.,MALUKU UTARA,HALMAHERA BARAT,RUMPUT LAUT SPINOSUM,2020.,102900.,617400000.
208.,82.,MALUKU UTARA,HALMAHERA SELATAN,RUMPUT LAUT SPINOSUM,2020.,151740.,910440000.
209.,82.,MALUKU UTARA,HALMAHERA TENGAH,RUMPUT LAUT COTTONII,2020.,21000.,126000000.
210.,82.,MALUKU UTARA,HALMAHERA TENGAH,RUMPUT LAUT SPINOSUM,2020.,31050.,186300000.
211.,82.,MALUKU UTARA,HALMAHERA TIMUR,RUMPUT LAUT COTTONII,2020.,619728.,2945898000.
212.,82.,MALUKU UTARA,KEPULAUAN SULA,RUMPUT LAUT SARGASSUM,2020.,56235869.,281548670000.
213.,82.,MALUKU UTARA,KOTA TIDORE KEPULAUAN,RUMPUT LAUT COTTONII,2020.,10548.,42192000.
214.,82.,MALUKU UTARA,PULAU MOROTAI,RUMPUT LAUT SARGASSUM,2020.,5790096.,23160384000.
215.,82.,MALUKU UTARA,PULAU TALIABU,RUMPUT LAUT SARGASSUM,2020.,18592502.,86370012000.
216.,52.,NUSA TENGGARA BARAT,BIMA,RUMPUT LAUT GRACILARIA,2020.,83575850.,125363775000.
217.,52.,NUSA TENGGARA BARAT,DOMPU,RUMPUT LAUT COTTONII,2020.,1824260.,9121300000.
218.,52.,NUSA TENGGARA BARAT,DOMPU,RUMPUT LAUT GRACILARIA,2020.,12000.,30000000.
219.,52.,NUSA TENGGARA BARAT,LOMBOK BARAT,RUMPUT LAUT GRACILARIA,2020.,55483880.,110967760000.
220.,52.,NUSA TENGGARA BARAT,LOMBOK TENGAH,RUMPUT LAUT COTTONII,2020.,30208022.,80407930500.
221.,52.,NUSA TENGGARA BARAT,LOMBOK TIMUR,RUMPUT LAUT COTTONII,2020.,4324755.,15136642500.
222.,52.,NUSA TENGGARA BARAT,SUMBAWA,RUMPUT LAUT SPINOSUM,2020.,465049044.,1627671654000.
223.,52.,NUSA TENGGARA BARAT,SUMBAWA BARAT,RUMPUT LAUT SPINOSUM,2020.,8411483.,25234449000.
224.,53.,NUSA TENGGARA TIMUR,ALOR,RUMPUT LAUT SPINOSUM,2020.,1989282.,4973205000.
225.,53.,NUSA TENGGARA TIMUR,FLORES TIMUR,RUMPUT LAUT SPINOSUM,2020.,113274483.,283186207500.
226.,53.,NUSA TENGGARA TIMUR,KUPANG,RUMPUT LAUT COTTONII,2020.,1879265956.,4954188456666.
227.,53.,NUSA TENGGARA TIMUR,LEMBATA,RUMPUT LAUT SPINOSUM,2020.,381174.,952935000.
228.,53.,NUSA TENGGARA TIMUR,NAGEKEO,RUMPUT LAUT SPINOSUM,2020.,61824.,185472000.
229.,53.,NUSA TENGGARA TIMUR,NGADA,RUMPUT LAUT SPINOSUM,2020.,392580.,1374030000.
230.,53.,NUSA TENGGARA TIMUR,ROTE NDAO,RUMPUT LAUT SPINOSUM,2020.,49542518.,247712590000.
231.,53.,NUSA TENGGARA TIMUR,SABU RAIJUA,RUMPUT LAUT SPINOSUM,2020.,80702716.,230002740600.
232.,53.,NUSA TENGGARA TIMUR,SUMBA BARAT DAYA,RUMPUT LAUT SPINOSUM,2020.,3554175.,12439612500.
233.,53.,NUSA TENGGARA TIMUR,SUMBA TIMUR,RUMPUT LAUT COTTONII,2020.,29737886.,89213658000.
234.,94.,PAPUA,BIAK NUMFOR,RUMPUT LAUT COTTONII,2020.,160740.,241110000.
235.,94.,PAPUA,BIAK NUMFOR,RUMPUT LAUT SPINOSUM,2020.,268411.,268411000.
236.,94.,PAPUA,KEPULAUAN YAPEN,RUMPUT LAUT COTTONII,2020.,103825.,146971000.
237.,94.,PAPUA,SUPIORI,RUMPUT LAUT COTTONII,2020.,132288.,164648000.
238.,91.,PAPUA BARAT,FAK FAK,RUMPUT LAUT COTTONII,2020.,3000.,15000000.
239.,91.,PAPUA BARAT,KAIMANA,RUMPUT LAUT COTTONII,2020.,7800.,39000000.
240.,91.,PAPUA BARAT,KAIMANA,RUMPUT LAUT SPINOSUM,2020.,7600.,76000000.
241.,91.,PAPUA BARAT,RAJA AMPAT,RUMPUT LAUT COTTONII,2020.,1500.,7500000.
242.,91.,PAPUA BARAT,SORONG,RUMPUT LAUT SPINOSUM,2020.,214895.,1934055000.
243.,91.,PAPUA BARAT,TELUK WONDAMA,RUMPUT LAUT COTTONII,2020.,318358.,1114253000.
244.,91.,PAPUA BARAT,TELUK WONDAMA,RUMPUT LAUT SPINOSUM,2020.,54010.,189035000.
245.,76.,SULAWESI BARAT,MAMUJU,RUMPUT LAUT SPINOSUM,2020.,56104740.,140261850000.
246.,76.,SULAWESI BARAT,MAMUJU TENGAH,RUMPUT LAUT COTTONII,2020.,11213748.,28034370000.
247.,76.,SULAWESI BARAT,MAMUJU TENGAH,RUMPUT LAUT SPINOSUM,2020.,12155200.,36465600000.
248.,76.,SULAWESI BARAT,POLEWALI MANDAR,RUMPUT LAUT SPINOSUM,2020.,14713380.,66210210000.
249.,73.,SULAWESI SELATAN,BANTAENG,RUMPUT LAUT COTTONII,2020.,38046221.,180303831000.
250.,73.,SULAWESI SELATAN,BANTAENG,RUMPUT LAUT SPINOSUM,2020.,48679679.,54639308700.
251.,73.,SULAWESI SELATAN,BARRU,RUMPUT LAUT COTTONII,2020.,1179998.,5750001000.
252.,73.,SULAWESI SELATAN,BONE,RUMPUT LAUT COTTONII,2020.,80218505.,200546262500.
253.,73.,SULAWESI SELATAN,BONE,RUMPUT LAUT SPINOSUM,2020.,104691680.,261729200000.
254.,73.,SULAWESI SELATAN,BULUKUMBA,RUMPUT LAUT COTTONII,2020.,94188000.,188376000000.
255.,73.,SULAWESI SELATAN,BULUKUMBA,RUMPUT LAUT SPINOSUM,2020.,97200996.,194401992000.
256.,73.,SULAWESI SELATAN,JENEPONTO,RUMPUT LAUT COTTONII,2020.,217894557.,821741572500.
257.,73.,SULAWESI SELATAN,JENEPONTO,RUMPUT LAUT SPINOSUM,2020.,13859790.,8826229750.
258.,73.,SULAWESI SELATAN,KEPULAUAN SELAYAR,RUMPUT LAUT COTTONII,2020.,511120.,2044480000.
259.,73.,SULAWESI SELATAN,KEPULAUAN SELAYAR,RUMPUT LAUT SPINOSUM,2020.,130948.,130948000.
260.,73.,SULAWESI SELATAN,KOTA PALOPO,RUMPUT LAUT COTTONII,2020.,13838367.,48434284500.
261.,73.,SULAWESI SELATAN,KOTA PALOPO,RUMPUT LAUT GRACILARIA,2020.,17021198.,76595391000.
262.,73.,SULAWESI SELATAN,LUWU,RUMPUT LAUT SPINOSUM,2020.,290431816.,872078560000.
263.,73.,SULAWESI SELATAN,LUWU TIMUR,RUMPUT LAUT COTTONII,2020.,147820000.,235993601200.
264.,73.,SULAWESI SELATAN,LUWU UTARA,RUMPUT LAUT COTTONII,2020.,38418495.,93343294800.
265.,73.,SULAWESI SELATAN,MAROS,RUMPUT LAUT COTTONII,2020.,39999.,119997000.
266.,73.,SULAWESI SELATAN,MAROS,RUMPUT LAUT SPINOSUM,2020.,15999.,35997750.
267.,73.,SULAWESI SELATAN,PANGKAJENE KEPULAUAN,RUMPUT LAUT COTTONII,2020.,310948740.,932846220000.
268.,73.,SULAWESI SELATAN,PANGKAJENE KEPULAUAN,RUMPUT LAUT SPINOSUM,2020.,99350261.,447076174500.
269.,73.,SULAWESI SELATAN,PINRANG,RUMPUT LAUT SPINOSUM,2020.,13211340.,39634020000.
270.,73.,SULAWESI SELATAN,SINJAI,RUMPUT LAUT SPINOSUM,2020.,12925031.,11436852850.
271.,73.,SULAWESI SELATAN,TAKALAR,RUMPUT LAUT COTTONII,2020.,222052818.,977901975000.
272.,73.,SULAWESI SELATAN,TAKALAR,RUMPUT LAUT GRACILARIA,2020.,15317799.,65300194500.
273.,73.,SULAWESI SELATAN,TAKALAR,RUMPUT LAUT SPINOSUM,2020.,120989646.,636323055000.
274.,73.,SULAWESI SELATAN,WAJO,RUMPUT LAUT COTTONII,2020.,433317334.,1567753738000.
275.,72.,SULAWESI TENGAH,BANGGAI,RUMPUT LAUT COTTONII,2020.,2750776.,10671454000.
276.,72.,SULAWESI TENGAH,BANGGAI KEPULAUAN,RUMPUT LAUT COTTONII,2020.,691884512.,1796594048000.
277.,72.,SULAWESI TENGAH,BANGGAI LAUT,RUMPUT LAUT COTTONII,2020.,22163000.,61714983500.
278.,72.,SULAWESI TENGAH,DONGGALA,RUMPUT LAUT COTTONII,2020.,3199000.,15995000000.
279.,72.,SULAWESI TENGAH,MOROWALI,RUMPUT LAUT COTTONII,2020.,83788100.,167576200000.
280.,72.,SULAWESI TENGAH,MOROWALI,RUMPUT LAUT SPINOSUM,2020.,98260000.,171955000000.
281.,72.,SULAWESI TENGAH,MOROWALI UTARA,RUMPUT LAUT COTTONII,2020.,178800.,536400000.
282.,72.,SULAWESI TENGAH,PARIGI MOUTONG,RUMPUT LAUT COTTONII,2020.,9771631.,43972339500.
283.,72.,SULAWESI TENGAH,PARIGI MOUTONG,RUMPUT LAUT SPINOSUM,2020.,1183485.,2366970000.
284.,72.,SULAWESI TENGAH,POSO,RUMPUT LAUT COTTONII,2020.,1013456.,1013456000.
285.,72.,SULAWESI TENGAH,TOJO UNA UNA,RUMPUT LAUT COTTONII,2020.,2028850.,6086550000.
286.,72.,SULAWESI TENGAH,TOJO UNA UNA,RUMPUT LAUT SPINOSUM,2020.,5081790.,8441790000.
287.,72.,SULAWESI TENGAH,TOLI TOLI,RUMPUT LAUT COTTONII,2020.,84600.,84600000.
288.,72.,SULAWESI TENGAH,TOLI TOLI,RUMPUT LAUT SPINOSUM,2020.,92080.,92080000.
289.,74.,SULAWESI TENGGARA,BOMBANA,RUMPUT LAUT COTTONII,2020.,5274172.,31620490000.
290.,74.,SULAWESI TENGGARA,BOMBANA,RUMPUT LAUT SPINOSUM,2020.,8549828.,18839846000.
291.,74.,SULAWESI TENGGARA,BUTON,RUMPUT LAUT GRACILARIA,2020.,3097228.,8077121000.
292.,74.,SULAWESI TENGGARA,BUTON,RUMPUT LAUT SPINOSUM,2020.,14800.,14800000.
293.,74.,SULAWESI TENGGARA,BUTON SELATAN,RUMPUT LAUT COTTONII,2020.,1918108.,5754324000.
294.,74.,SULAWESI TENGGARA,BUTON TENGAH,RUMPUT LAUT COTTONII,2020.,10676943.,32030829000.
295.,74.,SULAWESI TENGGARA,BUTON TENGAH,RUMPUT LAUT SPINOSUM,2020.,9476886.,11372263200.
296.,74.,SULAWESI TENGGARA,BUTON UTARA,RUMPUT LAUT COTTONII,2020.,27181980.,67954950000.
297.,74.,SULAWESI TENGGARA,KOLAKA,RUMPUT LAUT COTTONII,2020.,27302000.,88117205000.
298.,74.,SULAWESI TENGGARA,KOLAKA UTARA,RUMPUT LAUT COTTONII,2020.,11543400.,42075200000.
299.,74.,SULAWESI TENGGARA,KONAWE KEPULAUAN,RUMPUT LAUT SPINOSUM,2020.,78350.,391750000.
300.,74.,SULAWESI TENGGARA,KONAWE SELATAN,RUMPUT LAUT COTTONII,2020.,33550000.,145652000000.
301.,74.,SULAWESI TENGGARA,KOTA BAU BAU,RUMPUT LAUT SPINOSUM,2020.,18089921.,54269763000.
302.,74.,SULAWESI TENGGARA,MUNA,RUMPUT LAUT COTTONII,2020.,89331719.,484958268200.
303.,74.,SULAWESI TENGGARA,MUNA,RUMPUT LAUT SPINOSUM,2020.,256926.,615026000.
304.,74.,SULAWESI TENGGARA,MUNA BARAT,RUMPUT LAUT SPINOSUM,2020.,1379433.,6554565000.
305.,74.,SULAWESI TENGGARA,WAKATOBI,RUMPUT LAUT COTTONII,2020.,6150720.,11993504250.
306.,74.,SULAWESI TENGGARA,WAKATOBI,RUMPUT LAUT SPINOSUM,2020.,18452159.,14392204200.
307.,71.,SULAWESI UTARA,KEPULAUAN SANGIHE,RUMPUT LAUT GRACILARIA,2020.,3400.,23800000.
308.,71.,SULAWESI UTARA,MINAHASA,RUMPUT LAUT SPINOSUM,2020.,1534056.,6136224000.
309.,71.,SULAWESI UTARA,MINAHASA SELATAN,RUMPUT LAUT SPINOSUM,2020.,21923.,109615000.
310.,71.,SULAWESI UTARA,MINAHASA TENGGARA,RUMPUT LAUT SPINOSUM,2020.,48150.,192600000.
311.,71.,SULAWESI UTARA,MINAHASA UTARA,RUMPUT LAUT COTTONII,2020.,23704583.,79484503000.
312.,71.,SULAWESI UTARA,MINAHASA UTARA,RUMPUT LAUT SPINOSUM,2020.,221711958.,499982939000.
313.,51.,BALI,KLUNGKUNG,RUMPUT LAUT COTTONII,2021.,11367947.,22735894000.
314.,51.,BALI,KOTA DENPASAR,RUMPUT LAUT COTTONII,2021.,289000.,404600000.
315.,36.,BANTEN,SERANG,RUMPUT LAUT COTTONII,2021.,13799997.,68999985000.
316.,31.,DKI JAKARTA,ADM. KEP. SERIBU,RUMPUT LAUT SPINOSUM,2021.,126385.,821502500.
317.,75.,GORONTALO,GORONTALO UTARA,RUMPUT LAUT COTTONII,2021.,3240000.,16200000000.
318.,75.,GORONTALO,GORONTALO UTARA,RUMPUT LAUT GRACILARIA,2021.,6017556.,42122892000.
319.,75.,GORONTALO,PAHUWATO,RUMPUT LAUT SPINOSUM,2021.,7700.,38500000.
320.,32.,JAWA BARAT,INDRAMAYU,RUMPUT LAUT GRACILARIA,2021.,39921160.,99905184000.
321.,32.,JAWA BARAT,KARAWANG,RUMPUT LAUT GRACILARIA,2021.,757540.,5681550000.
322.,33.,JAWA TENGAH,JEPARA,RUMPUT LAUT SPINOSUM,2021.,32733980.,39280776000.
323.,33.,JAWA TENGAH,KOTA TEGAL,RUMPUT LAUT GRACILARIA,2021.,160950.,724275000.
324.,35.,JAWA TIMUR,BANYUWANGI,RUMPUT LAUT COTTONII,2021.,4190000.,9218000000.
325.,35.,JAWA TIMUR,SITUBONDO,RUMPUT LAUT COTTONII,2021.,1597300.,3194600000.
326.,35.,JAWA TIMUR,SUMENEP,RUMPUT LAUT COTTONII,2021.,663470712.,3317353560000.
327.,61.,KALIMANTAN BARAT,BENGKAYANG,RUMPUT LAUT SPINOSUM,2021.,10200.,40800000.
328.,61.,KALIMANTAN BARAT,KAYONG UTARA,RUMPUT LAUT COTTONII,2021.,10942.,43768000.
329.,64.,KALIMANTAN TIMUR,KOTA BALIKPAPAN,RUMPUT LAUT COTTONII,2021.,159596.,797980000.
330.,64.,KALIMANTAN TIMUR,KOTA BONTANG,RUMPUT LAUT SPINOSUM,2021.,4302440.,13985610000.
331.,64.,KALIMANTAN TIMUR,KUTAI KARTANEGARA,RUMPUT LAUT COTTONII,2021.,780877.,4673013000.
332.,64.,KALIMANTAN TIMUR,KUTAI TIMUR,RUMPUT LAUT SPINOSUM,2021.,110924.,332772000.
333.,65.,KALIMANTAN UTARA,KOTA TARAKAN,RUMPUT LAUT COTTONII,2021.,109888400.,197799120000.
334.,65.,KALIMANTAN UTARA,KOTA TARAKAN,RUMPUT LAUT SPINOSUM,2021.,101757199.,305271597000.
335.,65.,KALIMANTAN UTARA,NUNUKAN,RUMPUT LAUT COTTONII,2021.,416229854.,531607783008.
336.,21.,KEPULAUAN RIAU,KARIMUN,RUMPUT LAUT COTTONII,2021.,502000.,602400000.
337.,21.,KEPULAUAN RIAU,KARIMUN,RUMPUT LAUT SPINOSUM,2021.,502000.,2510000000.
338.,21.,KEPULAUAN RIAU,KOTA BATAM,RUMPUT LAUT SPINOSUM,2021.,717010.,860412000.
339.,21.,KEPULAUAN RIAU,NATUNA,RUMPUT LAUT COTTONII,2021.,33000.,39600000.
340.,18.,LAMPUNG,LAMPUNG SELATAN,RUMPUT LAUT SPINOSUM,2021.,4999672.,9999344000.
341.,81.,MALUKU,KAB MALUKU TENGGARA BARAT,RUMPUT LAUT COTTONII,2021.,28875067.,144375335000.
342.,81.,MALUKU,KEPULAUAN ARU,RUMPUT LAUT COTTONII,2021.,7833754.,23501262000.
343.,81.,MALUKU,KOTA AMBON,RUMPUT LAUT COTTONII,2021.,4787.,23935000.
344.,81.,MALUKU,KOTA AMBON,RUMPUT LAUT LAINNYA,2021.,20990.,104950000.
345.,81.,MALUKU,KOTA TUAL,RUMPUT LAUT COTTONII,2021.,190888000.,358995250000.
346.,81.,MALUKU,MALUKU BARAT DAYA,RUMPUT LAUT COTTONII,2021.,34155787.,43530207750.
347.,81.,MALUKU,MALUKU TENGGARA,RUMPUT LAUT COTTONII,2021.,31442600.,55024550000.
348.,81.,MALUKU,SERAM BAGIAN BARAT,RUMPUT LAUT COTTONII,2021.,7000.,21000000.
349.,81.,MALUKU,SERAM BAGIAN TIMUR,RUMPUT LAUT COTTONII,2021.,35562.,177810000.
350.,81.,MALUKU,SERAM BAGIAN TIMUR,RUMPUT LAUT SPINOSUM,2021.,51389.,256945000.
351.,82.,MALUKU UTARA,HALMAHERA BARAT,RUMPUT LAUT SPINOSUM,2021.,105938.,635628000.
352.,82.,MALUKU UTARA,HALMAHERA SELATAN,RUMPUT LAUT SPINOSUM,2021.,156390.,938340000.
353.,82.,MALUKU UTARA,HALMAHERA TENGAH,RUMPUT LAUT COTTONII,2021.,21750.,130500000.
354.,82.,MALUKU UTARA,HALMAHERA TENGAH,RUMPUT LAUT SPINOSUM,2021.,31860.,191160000.
355.,82.,MALUKU UTARA,HALMAHERA TIMUR,RUMPUT LAUT COTTONII,2021.,637714.,3031394000.
356.,82.,MALUKU UTARA,KEPULAUAN SULA,RUMPUT LAUT SARGASSUM,2021.,60299411.,299445404000.
357.,82.,MALUKU UTARA,KOTA TIDORE KEPULAUAN,RUMPUT LAUT SPINOSUM,2021.,10866.,43464000.
358.,82.,MALUKU UTARA,PULAU MOROTAI,RUMPUT LAUT SARGASSUM,2021.,5885688.,23542752000.
359.,82.,MALUKU UTARA,PULAU TALIABU,RUMPUT LAUT SARGASSUM,2021.,19132016.,88876280000.
360.,52.,NUSA TENGGARA BARAT,BIMA,RUMPUT LAUT SPINOSUM,2021.,156922961.,470768883000.
361.,52.,NUSA TENGGARA BARAT,DOMPU,RUMPUT LAUT COTTONII,2021.,2176067.,10880335000.
362.,52.,NUSA TENGGARA BARAT,LOMBOK TENGAH,RUMPUT LAUT COTTONII,2021.,31587931.,84224800050.
363.,52.,NUSA TENGGARA BARAT,LOMBOK TIMUR,RUMPUT LAUT COTTONII,2021.,5896579.,20638026500.
364.,52.,NUSA TENGGARA BARAT,LOMBOK TIMUR,RUMPUT LAUT SPINOSUM,2021.,1084971.,1627456500.
365.,52.,NUSA TENGGARA BARAT,SUMBAWA,RUMPUT LAUT SPINOSUM,2021.,473999756.,1542735396000.
366.,52.,NUSA TENGGARA BARAT,SUMBAWA BARAT,RUMPUT LAUT SPINOSUM,2021.,10014825.,30044475000.
367.,53.,NUSA TENGGARA TIMUR,ALOR,RUMPUT LAUT SPINOSUM,2021.,1993833.,4984582500.
368.,53.,NUSA TENGGARA TIMUR,FLORES TIMUR,RUMPUT LAUT SPINOSUM,2021.,71463120.,178657800000.
369.,53.,NUSA TENGGARA TIMUR,KUPANG,RUMPUT LAUT COTTONII,2021.,1166896782.,2917241955000.
370.,53.,NUSA TENGGARA TIMUR,LEMBATA,RUMPUT LAUT SPINOSUM,2021.,408530.,1021325000.
371.,53.,NUSA TENGGARA TIMUR,NAGEKEO,RUMPUT LAUT SPINOSUM,2021.,63603.,190809000.
372.,53.,NUSA TENGGARA TIMUR,NGADA,RUMPUT LAUT COTTONII,2021.,514997.,1502772500.
373.,53.,NUSA TENGGARA TIMUR,NGADA,RUMPUT LAUT SPINOSUM,2021.,176875.,619062500.
374.,53.,NUSA TENGGARA TIMUR,ROTE NDAO,RUMPUT LAUT SPINOSUM,2021.,52117610.,260588050000.
375.,53.,NUSA TENGGARA TIMUR,SABU RAIJUA,RUMPUT LAUT SPINOSUM,2021.,62940555.,179380581750.
376.,53.,NUSA TENGGARA TIMUR,SUMBA BARAT,RUMPUT LAUT COTTONII,2021.,5002.,17507000.
377.,53.,NUSA TENGGARA TIMUR,SUMBA BARAT DAYA,RUMPUT LAUT SPINOSUM,2021.,3621340.,12674690000.
378.,53.,NUSA TENGGARA TIMUR,SUMBA TIMUR,RUMPUT LAUT COTTONII,2021.,65918.,131836000.
379.,53.,NUSA TENGGARA TIMUR,SUMBA TIMUR,RUMPUT LAUT LAINNYA,2021.,32204187.,80510467500.
380.,53.,NUSA TENGGARA TIMUR,SUMBA TIMUR,RUMPUT LAUT SPINOSUM,2021.,66875.,133750000.
381.,94.,PAPUA,BIAK NUMFOR,RUMPUT LAUT COTTONII,2021.,233913.,350869500.
382.,94.,PAPUA,BIAK NUMFOR,RUMPUT LAUT SPINOSUM,2021.,335343.,335343000.
383.,94.,PAPUA,KEPULAUAN YAPEN,RUMPUT LAUT COTTONII,2021.,86292.,129438000.
384.,94.,PAPUA,SUPIORI,RUMPUT LAUT COTTONII,2021.,132288.,164648000.
385.,91.,PAPUA BARAT,FAK FAK,RUMPUT LAUT COTTONII,2021.,12000.,60000000.
386.,91.,PAPUA BARAT,KAIMANA,RUMPUT LAUT COTTONII,2021.,73140.,329130000.
387.,91.,PAPUA BARAT,KAIMANA,RUMPUT LAUT SPINOSUM,2021.,47380.,213210000.
388.,91.,PAPUA BARAT,SORONG,RUMPUT LAUT SPINOSUM,2021.,177250.,1595250000.
389.,91.,PAPUA BARAT,TELUK WONDAMA,RUMPUT LAUT COTTONII,2021.,432558.,1513953000.
390.,91.,PAPUA BARAT,TELUK WONDAMA,RUMPUT LAUT SPINOSUM,2021.,27050.,94675000.
391.,76.,SULAWESI BARAT,MAMUJU,RUMPUT LAUT COTTONII,2021.,9817892.,24544730000.
392.,76.,SULAWESI BARAT,MAMUJU,RUMPUT LAUT SPINOSUM,2021.,45808472.,114521180000.
393.,76.,SULAWESI BARAT,MAMUJU TENGAH,RUMPUT LAUT COTTONII,2021.,6928722.,23305838000.
394.,76.,SULAWESI BARAT,POLEWALI MANDAR,RUMPUT LAUT SPINOSUM,2021.,14716208.,73581040000.
395.,73.,SULAWESI SELATAN,BANTAENG,RUMPUT LAUT COTTONII,2021.,47769228.,162620595000.
396.,73.,SULAWESI SELATAN,BANTAENG,RUMPUT LAUT SPINOSUM,2021.,38900479.,52368201900.
397.,73.,SULAWESI SELATAN,BARRU,RUMPUT LAUT COTTONII,2021.,669048.,2613832000.
398.,73.,SULAWESI SELATAN,BONE,RUMPUT LAUT SPINOSUM,2021.,195343996.,849975984000.
399.,73.,SULAWESI SELATAN,BULUKUMBA,RUMPUT LAUT COTTONII,2021.,110363104.,220726208000.
400.,73.,SULAWESI SELATAN,BULUKUMBA,RUMPUT LAUT SPINOSUM,2021.,110879506.,565485480600.
401.,73.,SULAWESI SELATAN,JENEPONTO,RUMPUT LAUT COTTONII,2021.,239946100.,662105498000.
402.,73.,SULAWESI SELATAN,JENEPONTO,RUMPUT LAUT SPINOSUM,2021.,14265890.,30690229270.
403.,73.,SULAWESI SELATAN,KEPULAUAN SELAYAR,RUMPUT LAUT COTTONII,2021.,304588.,1295255000.
404.,73.,SULAWESI SELATAN,KEPULAUAN SELAYAR,RUMPUT LAUT SPINOSUM,2021.,54540.,58275000.
405.,73.,SULAWESI SELATAN,KOTA PALOPO,RUMPUT LAUT SPINOSUM,2021.,32302368.,131655981400.
406.,73.,SULAWESI SELATAN,LUWU,RUMPUT LAUT SPINOSUM,2021.,291331557.,801161781750.
407.,73.,SULAWESI SELATAN,LUWU TIMUR,RUMPUT LAUT COTTONII,2021.,140467203.,350848372075.
408.,73.,SULAWESI SELATAN,LUWU UTARA,RUMPUT LAUT COTTONII,2021.,39571040.,106648905500.
409.,73.,SULAWESI SELATAN,MAROS,RUMPUT LAUT SPINOSUM,2021.,20000.,45000000.
410.,73.,SULAWESI SELATAN,PANGKAJENE KEPULAUAN,RUMPUT LAUT COTTONII,2021.,323800996.,809502490000.
411.,73.,SULAWESI SELATAN,PANGKAJENE KEPULAUAN,RUMPUT LAUT SPINOSUM,2021.,113040002.,84780001500.
412.,73.,SULAWESI SELATAN,PINRANG,RUMPUT LAUT SPINOSUM,2021.,19373800.,72946250000.
413.,73.,SULAWESI SELATAN,SINJAI,RUMPUT LAUT SPINOSUM,2021.,20466821.,21451092850.
414.,73.,SULAWESI SELATAN,TAKALAR,RUMPUT LAUT COTTONII,2021.,309753736.,1746972506000.
415.,73.,SULAWESI SELATAN,TAKALAR,RUMPUT LAUT GRACILARIA,2021.,22471406.,89885624000.
416.,73.,SULAWESI SELATAN,TAKALAR,RUMPUT LAUT SPINOSUM,2021.,195399043.,1032227826000.
417.,73.,SULAWESI SELATAN,WAJO,RUMPUT LAUT COTTONII,2021.,436560032.,1849223639000.
418.,72.,SULAWESI TENGAH,BANGGAI,RUMPUT LAUT COTTONII,2021.,3625000.,14500000000.
419.,72.,SULAWESI TENGAH,BANGGAI LAUT,RUMPUT LAUT COTTONII,2021.,28356754.,105775430000.
420.,72.,SULAWESI TENGAH,DONGGALA,RUMPUT LAUT COTTONII,2021.,1652000.,11564000000.
421.,72.,SULAWESI TENGAH,DONGGALA,RUMPUT LAUT SPINOSUM,2021.,1551000.,7755000000.
422.,72.,SULAWESI TENGAH,MOROWALI,RUMPUT LAUT COTTONII,2021.,59129005.,118258010000.
423.,72.,SULAWESI TENGAH,MOROWALI,RUMPUT LAUT SPINOSUM,2021.,9385000.,16423750000.
424.,72.,SULAWESI TENGAH,MOROWALI UTARA,RUMPUT LAUT COTTONII,2021.,36178.,144712000.
425.,72.,SULAWESI TENGAH,PARIGI MOUTONG,RUMPUT LAUT COTTONII,2021.,2046370.,8742430000.
426.,72.,SULAWESI TENGAH,PARIGI MOUTONG,RUMPUT LAUT SPINOSUM,2021.,1308200.,2808400000.
427.,72.,SULAWESI TENGAH,POSO,RUMPUT LAUT COTTONII,2021.,771200.,2313600000.
428.,72.,SULAWESI TENGAH,POSO,RUMPUT LAUT SPINOSUM,2021.,619390.,1238780000.
429.,72.,SULAWESI TENGAH,TOJO UNA UNA,RUMPUT LAUT SPINOSUM,2021.,2316800.,6947000000.
430.,72.,SULAWESI TENGAH,TOLI TOLI,RUMPUT LAUT COTTONII,2021.,182560.,182560000.
431.,72.,SULAWESI TENGAH,TOLI TOLI,RUMPUT LAUT SPINOSUM,2021.,15100.,15100000.
432.,74.,SULAWESI TENGGARA,BOMBANA,RUMPUT LAUT COTTONII,2021.,5809030.,29321770000.
433.,74.,SULAWESI TENGGARA,BOMBANA,RUMPUT LAUT SPINOSUM,2021.,11648471.,20800842500.
434.,74.,SULAWESI TENGGARA,BUTON,RUMPUT LAUT SPINOSUM,2021.,272003.,417285800.
435.,74.,SULAWESI TENGGARA,BUTON SELATAN,RUMPUT LAUT COTTONII,2021.,2286213.,6858639000.
436.,74.,SULAWESI TENGGARA,BUTON TENGAH,RUMPUT LAUT COTTONII,2021.,21232913.,76090932250.
437.,74.,SULAWESI TENGGARA,BUTON TENGAH,RUMPUT LAUT SPINOSUM,2021.,15419861.,26984756750.
438.,74.,SULAWESI TENGGARA,BUTON UTARA,RUMPUT LAUT COTTONII,2021.,25383041.,63457602500.
439.,74.,SULAWESI TENGGARA,KOLAKA,RUMPUT LAUT COTTONII,2021.,28142949.,90762837500.
440.,74.,SULAWESI TENGGARA,KOLAKA UTARA,RUMPUT LAUT COTTONII,2021.,8429750.,28602500000.
441.,74.,SULAWESI TENGGARA,KONAWE KEPULAUAN,RUMPUT LAUT COTTONII,2021.,12280.,49120000.
442.,74.,SULAWESI TENGGARA,KONAWE SELATAN,RUMPUT LAUT COTTONII,2021.,30814000.,154070000000.
443.,74.,SULAWESI TENGGARA,KONAWE SELATAN,RUMPUT LAUT SPINOSUM,2021.,6474000.,32370000000.
444.,74.,SULAWESI TENGGARA,KOTA BAU BAU,RUMPUT LAUT SPINOSUM,2021.,18235454.,54706362000.
445.,74.,SULAWESI TENGGARA,MUNA,RUMPUT LAUT COTTONII,2021.,89323033.,207221549050.
446.,74.,SULAWESI TENGGARA,MUNA,RUMPUT LAUT SPINOSUM,2021.,246505.,154704800.
447.,74.,SULAWESI TENGGARA,MUNA BARAT,RUMPUT LAUT SPINOSUM,2021.,2739219.,3590316875.
448.,74.,SULAWESI TENGGARA,WAKATOBI,RUMPUT LAUT COTTONII,2021.,8586074.,30684598000.
449.,74.,SULAWESI TENGGARA,WAKATOBI,RUMPUT LAUT SPINOSUM,2021.,21693413.,25132835000.
450.,71.,SULAWESI UTARA,KEPULAUAN SANGIHE,RUMPUT LAUT SPINOSUM,2021.,2500.,17500000.
451.,71.,SULAWESI UTARA,MINAHASA SELATAN,RUMPUT LAUT SPINOSUM,2021.,7733.,38665000.
452.,71.,SULAWESI UTARA,MINAHASA TENGGARA,RUMPUT LAUT SPINOSUM,2021.,37021.,148084000.
453.,71.,SULAWESI UTARA,MINAHASA UTARA,RUMPUT LAUT COTTONII,2021.,26398013.,105592052000.
454.,71.,SULAWESI UTARA,MINAHASA UTARA,RUMPUT LAUT SPINOSUM,2021.,158151541.,599247474000.
455.,51.,BALI,BULELENG,RUMPUT LAUT,2022.,61400.,122800000.
456.,51.,BALI,KLUNGKUNG,RUMPUT LAUT,2022.,11409008.,39328510300.
457.,51.,BALI,KOTA DENPASAR,RUMPUT LAUT,2022.,286000.,688400000.
458.,36.,BANTEN,SERANG,RUMPUT LAUT,2022.,13742621.,68713105000.
459.,31.,DKI JAKARTA,ADM. KEP. SERIBU,RUMPUT LAUT,2022.,2160.,15120000.
460.,75.,GORONTALO,GORONTALO UTARA,RUMPUT LAUT,2022.,12145500.,72873000000.
461.,75.,GORONTALO,PAHUWATO,RUMPUT LAUT,2022.,2200.,11000000.
462.,33.,JAWA TENGAH,JEPARA,RUMPUT LAUT,2022.,24473736.,37913276400.
463.,35.,JAWA TIMUR,BANYUWANGI,RUMPUT LAUT,2022.,80000.,176000000.
464.,35.,JAWA TIMUR,PACITAN,RUMPUT LAUT,2022.,14950.,59800000.
465.,35.,JAWA TIMUR,SITUBONDO,RUMPUT LAUT,2022.,883300.,2483100000.
466.,35.,JAWA TIMUR,SUMENEP,RUMPUT LAUT,2022.,644293632.,2502291190000.
467.,61.,KALIMANTAN BARAT,BENGKAYANG,RUMPUT LAUT,2022.,44000.,1850000000.
468.,61.,KALIMANTAN BARAT,KAYONG UTARA,RUMPUT LAUT,2022.,36436.,83811000.
469.,64.,KALIMANTAN TIMUR,KOTA BALIKPAPAN,RUMPUT LAUT,2022.,325387.,1626935000.
470.,64.,KALIMANTAN TIMUR,KOTA BONTANG,RUMPUT LAUT,2022.,4184789.,14636447000.
471.,64.,KALIMANTAN TIMUR,KUTAI KARTANEGARA,RUMPUT LAUT,2022.,775040.,5425280000.
472.,64.,KALIMANTAN TIMUR,KUTAI TIMUR,RUMPUT LAUT,2022.,110960.,446544000.
473.,65.,KALIMANTAN UTARA,KOTA TARAKAN,RUMPUT LAUT,2022.,201508600.,849899600000.
474.,65.,KALIMANTAN UTARA,NUNUKAN,RUMPUT LAUT,2022.,587458734.,1385908168255.
475.,21.,KEPULAUAN RIAU,KARIMUN,RUMPUT LAUT,2022.,1625800.,2032250000.
476.,21.,KEPULAUAN RIAU,KOTA BATAM,RUMPUT LAUT,2022.,1595760.,1914912000.
477.,21.,KEPULAUAN RIAU,LINGGA,RUMPUT LAUT,2022.,9870.,9870000.
478.,21.,KEPULAUAN RIAU,NATUNA,RUMPUT LAUT,2022.,46200.,55440000.
479.,18.,LAMPUNG,LAMPUNG SELATAN,RUMPUT LAUT,2022.,5455732.,10911464000.
480.,81.,MALUKU,BURU,RUMPUT LAUT,2022.,2377.,17248750.
481.,81.,MALUKU,KAB MALUKU TENGGARA BARAT,RUMPUT LAUT,2022.,43039300.,215196500000.
482.,81.,MALUKU,KEPULAUAN ARU,RUMPUT LAUT,2022.,5668480.,16320087500.
483.,81.,MALUKU,KOTA AMBON,RUMPUT LAUT,2022.,902.,4326000.
484.,81.,MALUKU,KOTA TUAL,RUMPUT LAUT,2022.,157412000.,1561271250000.
485.,81.,MALUKU,MALUKU BARAT DAYA,RUMPUT LAUT,2022.,27013130.,82379996000.
486.,81.,MALUKU,MALUKU TENGGARA,RUMPUT LAUT,2022.,34409400.,125243300000.
487.,81.,MALUKU,SERAM BAGIAN BARAT,RUMPUT LAUT,2022.,24000.,120000000.
488.,81.,MALUKU,SERAM BAGIAN TIMUR,RUMPUT LAUT,2022.,107888.,269720000.
489.,82.,MALUKU UTARA,HALMAHERA BARAT,RUMPUT LAUT,2022.,470400.,2822400000.
490.,82.,MALUKU UTARA,HALMAHERA SELATAN,RUMPUT LAUT,2022.,58725000.,704700000000.
491.,82.,MALUKU UTARA,HALMAHERA TENGAH,RUMPUT LAUT,2022.,818000.,7362000000.
492.,82.,MALUKU UTARA,HALMAHERA TIMUR,RUMPUT LAUT,2022.,766360.,4598160000.
493.,82.,MALUKU UTARA,KEPULAUAN SULA,RUMPUT LAUT,2022.,32820000.,196920000000.
494.,82.,MALUKU UTARA,PULAU MOROTAI,RUMPUT LAUT,2022.,963380.,5780280000.
495.,82.,MALUKU UTARA,PULAU TALIABU,RUMPUT LAUT,2022.,40510800.,243064800000.
496.,52.,NUSA TENGGARA BARAT,BIMA,RUMPUT LAUT,2022.,143974974.,575899896000.
497.,52.,NUSA TENGGARA BARAT,DOMPU,RUMPUT LAUT,2022.,3087650.,7851650000.
498.,52.,NUSA TENGGARA BARAT,LOMBOK TENGAH,RUMPUT LAUT,2022.,31512930.,94538790000.
499.,52.,NUSA TENGGARA BARAT,LOMBOK TIMUR,RUMPUT LAUT,2022.,23223983.,57590164500.
500.,52.,NUSA TENGGARA BARAT,SUMBAWA,RUMPUT LAUT,2022.,473185248.,2720814866000.
501.,52.,NUSA TENGGARA BARAT,SUMBAWA BARAT,RUMPUT LAUT,2022.,8017720.,39515126800.
502.,53.,NUSA TENGGARA TIMUR,ALOR,RUMPUT LAUT,2022.,2014503.,7050760500.
503.,53.,NUSA TENGGARA TIMUR,FLORES TIMUR,RUMPUT LAUT,2022.,50977866.,178422531000.
504.,53.,NUSA TENGGARA TIMUR,KUPANG,RUMPUT LAUT,2022.,1175123880.,4112933580000.
505.,53.,NUSA TENGGARA TIMUR,LEMBATA,RUMPUT LAUT,2022.,123414.,431949000.
506.,53.,NUSA TENGGARA TIMUR,MANGGARAI BARAT,RUMPUT LAUT,2022.,137217.,480259500.
507.,53.,NUSA TENGGARA TIMUR,NAGEKEO,RUMPUT LAUT,2022.,70112.,245392000.
508.,53.,NUSA TENGGARA TIMUR,NGADA,RUMPUT LAUT,2022.,163286.,571501000.
509.,53.,NUSA TENGGARA TIMUR,ROTE NDAO,RUMPUT LAUT,2022.,88027834.,379435169000.
510.,53.,NUSA TENGGARA TIMUR,SABU RAIJUA,RUMPUT LAUT,2022.,53921150.,162205904000.
511.,53.,NUSA TENGGARA TIMUR,SUMBA BARAT DAYA,RUMPUT LAUT,2022.,1330449.,4656571500.
512.,53.,NUSA TENGGARA TIMUR,SUMBA TIMUR,RUMPUT LAUT,2022.,31446206.,110061721000.
513.,94.,PAPUA,BIAK NUMFOR,RUMPUT LAUT,2022.,569256.,686212500.
514.,94.,PAPUA,KEPULAUAN YAPEN,RUMPUT LAUT,2022.,86292.,129438000.
515.,94.,PAPUA,SUPIORI,RUMPUT LAUT,2022.,132288.,164648000.
516.,91.,PAPUA BARAT,FAK FAK,RUMPUT LAUT,2022.,13200.,66000000.
517.,91.,PAPUA BARAT,KAIMANA,RUMPUT LAUT,2022.,94554.,425493000.
518.,91.,PAPUA BARAT,SORONG,RUMPUT LAUT,2022.,177250.,1595250000.
519.,91.,PAPUA BARAT,TELUK WONDAMA,RUMPUT LAUT,2022.,461608.,1615628000.
520.,76.,SULAWESI BARAT,MAMUJU,RUMPUT LAUT,2022.,1868788.,9792340000.
521.,76.,SULAWESI BARAT,MAMUJU TENGAH,RUMPUT LAUT,2022.,9688.,77504000.
522.,76.,SULAWESI BARAT,POLEWALI MANDAR,RUMPUT LAUT,2022.,14446492.,86678952000.
523.,73.,SULAWESI SELATAN,BANTAENG,RUMPUT LAUT,2022.,89164898.,314032045000.
524.,73.,SULAWESI SELATAN,BARRU,RUMPUT LAUT,2022.,949932.,5274190000.
525.,73.,SULAWESI SELATAN,BONE,RUMPUT LAUT,2022.,200900997.,1406306979000.
526.,73.,SULAWESI SELATAN,BULUKUMBA,RUMPUT LAUT,2022.,188969197.,1069054386000.
527.,73.,SULAWESI SELATAN,JENEPONTO,RUMPUT LAUT,2022.,245429929.,1593241226600.
528.,73.,SULAWESI SELATAN,KEPULAUAN SELAYAR,RUMPUT LAUT,2022.,381370.,1685690000.
529.,73.,SULAWESI SELATAN,KOTA PALOPO,RUMPUT LAUT,2022.,32355015.,204752234403.
530.,73.,SULAWESI SELATAN,KOTA PARE PARE,RUMPUT LAUT,2022.,7899.,47394000.
531.,73.,SULAWESI SELATAN,LUWU,RUMPUT LAUT,2022.,312970782.,1808145445000.
532.,73.,SULAWESI SELATAN,LUWU TIMUR,RUMPUT LAUT,2022.,145978883.,727015562053.
533.,73.,SULAWESI SELATAN,LUWU UTARA,RUMPUT LAUT,2022.,40956030.,135437330020.
534.,73.,SULAWESI SELATAN,MAROS,RUMPUT LAUT,2022.,25000.,125000000.
535.,73.,SULAWESI SELATAN,PANGKAJENE KEPULAUAN,RUMPUT LAUT,2022.,396005000.,917527615000.
536.,73.,SULAWESI SELATAN,PINRANG,RUMPUT LAUT,2022.,24405200.,97620800000.
537.,73.,SULAWESI SELATAN,SINJAI,RUMPUT LAUT,2022.,25737894.,27543391260.
538.,73.,SULAWESI SELATAN,TAKALAR,RUMPUT LAUT,2022.,528504397.,3309534832000.
539.,73.,SULAWESI SELATAN,WAJO,RUMPUT LAUT,2022.,439665708.,2313412668000.
540.,72.,SULAWESI TENGAH,BANGGAI,RUMPUT LAUT,2022.,350000.,2450000000.
541.,72.,SULAWESI TENGAH,BANGGAI KEPULAUAN,RUMPUT LAUT,2022.,562677709.,5641565769400.
542.,72.,SULAWESI TENGAH,BANGGAI LAUT,RUMPUT LAUT,2022.,29003000.,72507500000.
543.,72.,SULAWESI TENGAH,DONGGALA,RUMPUT LAUT,2022.,2956000.,20692000000.
544.,72.,SULAWESI TENGAH,MOROWALI,RUMPUT LAUT,2022.,46050000.,281370000000.
545.,72.,SULAWESI TENGAH,MOROWALI UTARA,RUMPUT LAUT,2022.,78250.,704250000.
546.,72.,SULAWESI TENGAH,PARIGI MOUTONG,RUMPUT LAUT,2022.,1591133.,7102013000.
547.,72.,SULAWESI TENGAH,POSO,RUMPUT LAUT,2022.,1732600.,4563390000.
548.,72.,SULAWESI TENGAH,TOJO UNA UNA,RUMPUT LAUT,2022.,7029200.,21087600000.
549.,72.,SULAWESI TENGAH,TOLI TOLI,RUMPUT LAUT,2022.,25410.,38115000.
550.,74.,SULAWESI TENGGARA,BOMBANA,RUMPUT LAUT,2022.,19305666.,120084171000.
551.,74.,SULAWESI TENGGARA,BUTON,RUMPUT LAUT,2022.,3688731.,8030866200.
552.,74.,SULAWESI TENGGARA,BUTON SELATAN,RUMPUT LAUT,2022.,1919961.,5759883000.
553.,74.,SULAWESI TENGGARA,BUTON TENGAH,RUMPUT LAUT,2022.,28724351.,137060389000.
554.,74.,SULAWESI TENGGARA,BUTON UTARA,RUMPUT LAUT,2022.,26277233.,71634427500.
555.,74.,SULAWESI TENGGARA,KOLAKA,RUMPUT LAUT,2022.,28962356.,161233446000.
556.,74.,SULAWESI TENGGARA,KOLAKA UTARA,RUMPUT LAUT,2022.,751360.,2999760000.
557.,74.,SULAWESI TENGGARA,KONAWE KEPULAUAN,RUMPUT LAUT,2022.,5250.,31500000.
558.,74.,SULAWESI TENGGARA,KONAWE SELATAN,RUMPUT LAUT,2022.,37285920.,261001440000.
559.,74.,SULAWESI TENGGARA,KOTA BAU BAU,RUMPUT LAUT,2022.,18400758.,55202274000.
560.,74.,SULAWESI TENGGARA,MUNA,RUMPUT LAUT,2022.,112441463.,390101719000.
561.,74.,SULAWESI TENGGARA,MUNA BARAT,RUMPUT LAUT,2022.,2734875.,46824375000.
562.,74.,SULAWESI TENGGARA,WAKATOBI,RUMPUT LAUT,2022.,32606242.,37541121200.
563.,71.,SULAWESI UTARA,KEPULAUAN SANGIHE,RUMPUT LAUT,2022.,2580.,18060000.
564.,71.,SULAWESI UTARA,MINAHASA,RUMPUT LAUT,2022.,1468.,5872000.
565.,71.,SULAWESI UTARA,MINAHASA SELATAN,RUMPUT LAUT,2022.,6571.,32855000.
566.,71.,SULAWESI UTARA,MINAHASA TENGGARA,RUMPUT LAUT,2022.,37761.,151044000.
567.,71.,SULAWESI UTARA,MINAHASA UTARA,RUMPUT LAUT,2022.,183283731.,700473525000.